Workbook

Sheet Centro
A1: Ventas semanales por centro — Canal Minorista (pedidos)
A2: Monto neto sin ITBIS de pedidos (estatus 2/7/11). Semana lunes–domingo; la última (amarilla) es ESTIMADA: días transcurridos reales + promedio del mismo día de las últimas 4 semanas completas.
A3: Corte (clave en Detalle) | B3: Centro
A4: Inicio de semana (lunes) | B4: 46258 | D4: 46265 | F4: 46272 | H4: 46279 | J4: 46286 | L4: 46293 | N4: 46300 | P4: 46307
A5: Centro | B5: Sem 35 (24/08) | C5: vs sem. ant. | D5: Sem 36 (31/08) | E5: vs sem. ant. | F5: Sem 37 (07/09) | G5: vs sem. ant. | H5: Sem 38 (14/09) | I5: vs sem. ant. | J5: Sem 39 (21/09) | K5: vs sem. ant. | L5: Sem 40 (28/09) | M5: vs sem. ant. | N5: Sem 41 (05/10) | O5: vs sem. ant. | P5: Sem 42 (12/10) · EST. | Q5: vs sem. ant.
A6: Centro Azua | B6: =SUMIFS(Detalle!$G:$G,Detalle!$A:$A,$B$3,Detalle!$B:$B,$A6,Detalle!$D:$D,B$4) -> 6045346.1 | C6: =IF(SUMIFS(Detalle!$H:$H,Detalle!$A:$A,$B$3,Detalle!$B:$B,$A6,Detalle!$D:$D,B$4)<=0,IF(B6>0,"▲ nuevo","="),IF(B6>SUMIFS(Detalle!$H:$H,Detalle!$A:$A,$B$3,Detalle!$B:$B,$A6,Detalle!$D:$D,B$4),"▲",IF(B6<SUMIFS(Detalle!$H:$H,Detalle!$A:$A,$B$3,Detalle!$B:$B,$A6,Detalle!$D:$D,B$4),"▼","="))&" "&TEXT((B6-SUMIFS(Detalle!$H:$H,Detalle!$A:$A,$B$3,Detalle!$B:$B,$A6,Detalle!$D:$D,B$4))/SUMIFS(Detalle!$H:$H,Detalle!$A:$A,$B$3,Detalle!$B:$B,$A6,Detalle!$D:$D,B$4),"0.0%")) -> ▼ -2.9% | D6: =SUMIFS(Detalle!$G:$G,Detalle!$A:$A,$B$3,Detalle!$B:$B,$A6,Detalle!$D:$D,D$4) -> 6500363.4 | E6: =IF(SUMIFS(Detalle!$H:$H,Detalle!$A:$A,$B$3,Detalle!$B:$B,$A6,Detalle!$D:$D,D$4)<=0,IF(D6>0,"▲ nuevo","="),IF(D6>SUMIFS(Detalle!$H:$H,Detalle!$A:$A,$B$3,Detalle!$B:$B,$A6,Detalle!$D:$D,D$4),"▲",IF(D6<SUMIFS(Detalle!$H:$H,Detalle!$A:$A,$B$3,Detalle!$B:$B,$A6,Detalle!$D:$D,D$4),"▼","="))&" "&TEXT((D6-SUMIFS(Detalle!$H:$H,Detalle!$A:$A,$B$3,Detalle!$B:$B,$A6,Detalle!$D:$D,D$4))/SUMIFS(Detalle!$H:$H,Detalle!$A:$A,$B$3,Detalle!$B:$B,$A6,Detalle!$D:$D,D$4),"0.0%")) -> ▲ 7.5% | F6: =SUMIFS(Detalle!$G:$G,Detalle!$A:$A,$B$3,Detalle!$B:$B,$A6,Detalle!$D:$D,F$4) -> 7083336.4 | G6: =IF(SUMIFS(Detalle!$H:$H,Detalle!$A:$A,$B$3,Detalle!$B:$B,$A6,Detalle!$D:$D,F$4)<=0,IF(F6>0,"▲ nuevo","="),IF(F6>SUMIFS(Detalle!$H:$H,Detalle!$A:$A,$B$3,Detalle!$B:$B,$A6,Detalle!$D:$D,F$4),"▲",IF(F6<SUMIFS(Detalle!$H:$H,Detalle!$A:$A,$B$3,Detalle!$B:$B,$A6,Detalle!$D:$D,F$4),"▼","="))&" "&TEXT((F6-SUMIFS(Detalle!$H:$H,Detalle!$A:$A,$B$3,Detalle!$B:$B,$A6,Detalle!$D:$D,F$4))/SUMIFS(Detalle!$H:$H,Detalle!$A:$A,$B$3,Detalle!$B:$B,$A6,Detalle!$D:$D,F$4),"0.0%")) -> ▲ 9.0% | H6: =SUMIFS(Detalle!$G:$G,Detalle!$A:$A,$B$3,Detalle!$B:$B,$A6,Detalle!$D:$D,H$4) -> 6238437.3 | I6: =IF(SUMIFS(Detalle!$H:$H,Detalle!$A:$A,$B$3,Detalle!$B:$B,$A6,Detalle!$D:$D,H$4)<=0,IF(H6>0,"▲ nuevo","="),IF(H6>SUMIFS(Detalle!$H:$H,Detalle!$A:$A,$B$3,Detalle!$B:$B,$A6,Detalle!$D:$D,H$4),"▲",IF(H6<SUMIFS(Detalle!$H:$H,Detalle!$A:$A,$B$3,Detalle!$B:$B,$A6,Detalle!$D:$D,H$4),"▼","="))&" "&TEXT((H6-SUMIFS(Detalle!$H:$H,Detalle!$A:$A,$B$3,Detalle!$B:$B,$A6,Detalle!$D:$D,H$4))/SUMIFS(Detalle!$H:$H,Detalle!$A:$A,$B$3,Detalle!$B:$B,$A6,Detalle!$D:$D,H$4),"0.0%")) -> ▼ -11.9% | J6: =SUMIFS(Detalle!$G:$G,Detalle!$A:$A,$B$3,Detalle!$B:$B,$A6,Detalle!$D:$D,J$4) -> 6366560.6 | K6: =IF(SUMIFS(Detalle!$H:$H,Detalle!$A:$A,$B$3,Detalle!$B:$B,$A6,Detalle!$D:$D,J$4)<=0,IF(J6>0,"▲ nuevo","="),IF(J6>SUMIFS(Detalle!$H:$H,Detalle!$A:$A,$B$3,Detalle!$B:$B,$A6,Detalle!$D:$D,J$4),"▲",IF(J6<SUMIFS(Detalle!$H:$H,Detalle!$A:$A,$B$3,Detalle!$B:$B,$A6,Detalle!$D:$D,J$4),"▼","="))&" "&TEXT((J6-SUMIFS(Detalle!$H:$H,Detalle!$A:$A,$B$3,Detalle!$B:$B,$A6,Detalle!$D:$D,J$4))/SUMIFS(Detalle!$H:$H,Detalle!$A:$A,$B$3,Detalle!$B:$B,$A6,Detalle!$D:$D,J$4),"0.0%")) -> ▲ 2.1% | L6: =SUMIFS(Detalle!$G:$G,Detalle!$A:$A,$B$3,Detalle!$B:$B,$A6,Detalle!$D:$D,L$4) -> 5708900.4 | M6: =IF(SUMIFS(Detalle!$H:$H,Detalle!$A:$A,$B$3,Detalle!$B:$B,$A6,Detalle!$D:$D,L$4)<=0,IF(L6>0,"▲ nuevo","="),IF(L6>SUMIFS(Detalle!$H:$H,Detalle!$A:$A,$B$3,Detalle!$B:$B,$A6,Detalle!$D:$D,L$4),"▲",IF(L6<SUMIFS(Detalle!$H:$H,Detalle!$A:$A,$B$3,Detalle!$B:$B,$A6,Detalle!$D:$D,L$4),"▼","="))&" "&TEXT((L6-SUMIFS(Detalle!$H:$H,Detalle!$A:$A,$B$3,Detalle!$B:$B,$A6,Detalle!$D:$D,L$4))/SUMIFS(Detalle!$H:$H,Detalle!$A:$A,$B$3,Detalle!$B:$B,$A6,Detalle!$D:$D,L$4),"0.0%")) -> ▼ -10.3% | N6: =SUMIFS(Detalle!$G:$G,Detalle!$A:$A,$B$3,Detalle!$B:$B,$A6,Detalle!$D:$D,N$4) -> 5732954.4 | O6: =IF(SUMIFS(Detalle!$H:$H,Detalle!$A:$A,$B$3,Detalle!$B:$B,$A6,Detalle!$D:$D,N$4)<=0,IF(N6>0,"▲ nuevo","="),IF(N6>SUMIFS(Detalle!$H:$H,Detalle!$A:$A,$B$3,Detalle!$B:$B,$A6,Detalle!$D:$D,N$4),"▲",IF(N6<SUMIFS(Detalle!$H:$H,Detalle!$A:$A,$B$3,Detalle!$B:$B,$A6,Detalle!$D:$D,N$4),"▼","="))&" "&TEXT((N6-SUMIFS(Detalle!$H:$H,Detalle!$A:$A,$B$3,Detalle!$B:$B,$A6,Detalle!$D:$D,N$4))/SUMIFS(Detalle!$H:$H,Detalle!$A:$A,$B$3,Detalle!$B:$B,$A6,Detalle!$D:$D,N$4),"0.0%")) -> ▲ 0.4% | P6: =SUMIFS(Detalle!$G:$G,Detalle!$A:$A,$B$3,Detalle!$B:$B,$A6,Detalle!$D:$D,P$4) -> 5866011.7 | Q6: =IF(SUMIFS(Detalle!$H:$H,Detalle!$A:$A,$B$3,Detalle!$B:$B,$A6,Detalle!$D:$D,P$4)<=0,IF(P6>0,"▲ nuevo","="),IF(P6>SUMIFS(Detalle!$H:$H,Detalle!$A:$A,$B$3,Detalle!$B:$B,$A6,Detalle!$D:$D,P$4),"▲",IF(P6<SUMIFS(Detalle!$H:$H,Detalle!$A:$A,$B$3,Detalle!$B:$B,$A6,Detalle!$D:$D,P$4),"▼","="))&" "&TEXT((P6-SUMIFS(Detalle!$H:$H,Detalle!$A:$A,$B$3,Detalle!$B:$B,$A6,Detalle!$D:$D,P$4))/SUMIFS(Detalle!$H:$H,Detalle!$A:$A,$B$3,Detalle!$B:$B,$A6,Detalle!$D:$D,P$4),"0.0%")) -> ▲ 2.3%
A7: Centro Santo Domingo | B7: =SUMIFS(Detalle!$G:$G,Detalle!$A:$A,$B$3,Detalle!$B:$B,$A7,Detalle!$D:$D,B$4) -> 5181685.3 | C7: =IF(SUMIFS(Detalle!$H:$H,Detalle!$A:$A,$B$3,Detalle!$B:$B,$A7,Detalle!$D:$D,B$4)<=0,IF(B7>0,"▲ nuevo","="),IF(B7>SUMIFS(Detalle!$H:$H,Detalle!$A:$A,$B$3,Detalle!$B:$B,$A7,Detalle!$D:$D,B$4),"▲",IF(B7<SUMIFS(Detalle!$H:$H,Detalle!$A:$A,$B$3,Detalle!$B:$B,$A7,Detalle!$D:$D,B$4),"▼","="))&" "&TEXT((B7-SUMIFS(Detalle!$H:$H,Detalle!$A:$A,$B$3,Detalle!$B:$B,$A7,Detalle!$D:$D,B$4))/SUMIFS(Detalle!$H:$H,Detalle!$A:$A,$B$3,Detalle!$B:$B,$A7,Detalle!$D:$D,B$4),"0.0%")) -> ▼ -3.9% | D7: =SUMIFS(Detalle!$G:$G,Detalle!$A:$A,$B$3,Detalle!$B:$B,$A7,Detalle!$D:$D,D$4) -> 5420464 | E7: =IF(SUMIFS(Detalle!$H:$H,Detalle!$A:$A,$B$3,Detalle!$B:$B,$A7,Detalle!$D:$D,D$4)<=0,IF(D7>0,"▲ nuevo","="),IF(D7>SUMIFS(Detalle!$H:$H,Detalle!$A:$A,$B$3,Detalle!$B:$B,$A7,Detalle!$D:$D,D$4),"▲",IF(D7<SUMIFS(Detalle!$H:$H,Detalle!$A:$A,$B$3,Detalle!$B:$B,$A7,Detalle!$D:$D,D$4),"▼","="))&" "&TEXT((D7-SUMIFS(Detalle!$H:$H,Detalle!$A:$A,$B$3,Detalle!$B:$B,$A7,Detalle!$D:$D,D$4))/SUMIFS(Detalle!$H:$H,Detalle!$A:$A,$B$3,Detalle!$B:$B,$A7,Detalle!$D:$D,D$4),"0.0%")) -> ▲ 4.6% | F7: =SUMIFS(Detalle!$G:$G,Detalle!$A:$A,$B$3,Detalle!$B:$B,$A7,Detalle!$D:$D,F$4) -> 6145997.2 | G7: =IF(SUMIFS(Detalle!$H:$H,Detalle!$A:$A,$B$3,Detalle!$B:$B,$A7,Detalle!$D:$D,F$4)<=0,IF(F7>0,"▲ nuevo","="),IF(F7>SUMIFS(Detalle!$H:$H,Detalle!$A:$A,$B$3,Detalle!$B:$B,$A7,Detalle!$D:$D,F$4),"▲",IF(F7<SUMIFS(Detalle!$H:$H,Detalle!$A:$A,$B$3,Detalle!$B:$B,$A7,Detalle!$D:$D,F$4),"▼","="))&" "&TEXT((F7-SUMIFS(Detalle!$H:$H,Detalle!$A:$A,$B$3,Detalle!$B:$B,$A7,Detalle!$D:$D,F$4))/SUMIFS(Detalle!$H:$H,Detalle!$A:$A,$B$3,Detalle!$B:$B,$A7,Detalle!$D:$D,F$4),"0.0%")) -> ▲ 13.4% | H7: =SUMIFS(Detalle!$G:$G,Detalle!$A:$A,$B$3,Detalle!$B:$B,$A7,Detalle!$D:$D,H$4) -> 5684983.7 | I7: =IF(SUMIFS(Detalle!$H:$H,Detalle!$A:$A,$B$3,Detalle!$B:$B,$A7,Detalle!$D:$D,H$4)<=0,IF(H7>0,"▲ nuevo","="),IF(H7>SUMIFS(Detalle!$H:$H,Detalle!$A:$A,$B$3,Detalle!$B:$B,$A7,Detalle!$D:$D,H$4),"▲",IF(H7<SUMIFS(Detalle!$H:$H,Detalle!$A:$A,$B$3,Detalle!$B:$B,$A7,Detalle!$D:$D,H$4),"▼","="))&" "&TEXT((H7-SUMIFS(Detalle!$H:$H,Detalle!$A:$A,$B$3,Detalle!$B:$B,$A7,Detalle!$D:$D,H$4))/SUMIFS(Detalle!$H:$H,Detalle!$A:$A,$B$3,Detalle!$B:$B,$A7,Detalle!$D:$D,H$4),"0.0%")) -> ▼ -7.5% | J7: =SUMIFS(Detalle!$G:$G,Detalle!$A:$A,$B$3,Detalle!$B:$B,$A7,Detalle!$D:$D,J$4) -> 5953575 | K7: =IF(SUMIFS(Detalle!$H:$H,Detalle!$A:$A,$B$3,Detalle!$B:$B,$A7,Detalle!$D:$D,J$4)<=0,IF(J7>0,"▲ nuevo","="),IF(J7>SUMIFS(Detalle!$H:$H,Detalle!$A:$A,$B$3,Detalle!$B:$B,$A7,Detalle!$D:$D,J$4),"▲",IF(J7<SUMIFS(Detalle!$H:$H,Detalle!$A:$A,$B$3,Detalle!$B:$B,$A7,Detalle!$D:$D,J$4),"▼","="))&" "&TEXT((J7-SUMIFS(Detalle!$H:$H,Detalle!$A:$A,$B$3,Detalle!$B:$B,$A7,Detalle!$D:$D,J$4))/SUMIFS(Detalle!$H:$H,Detalle!$A:$A,$B$3,Detalle!$B:$B,$A7,Detalle!$D:$D,J$4),"0.0%")) -> ▲ 4.7% | L7: =SUMIFS(Detalle!$G:$G,Detalle!$A:$A,$B$3,Detalle!$B:$B,$A7,Detalle!$D:$D,L$4) -> 5658529.3 | M7: =IF(SUMIFS(Detalle!$H:$H,Detalle!$A:$A,$B$3,Detalle!$B:$B,$A7,Detalle!$D:$D,L$4)<=0,IF(L7>0,"▲ nuevo","="),IF(L7>SUMIFS(Detalle!$H:$H,Detalle!$A:$A,$B$3,Detalle!$B:$B,$A7,Detalle!$D:$D,L$4),"▲",IF(L7<SUMIFS(Detalle!$H:$H,Detalle!$A:$A,$B$3,Detalle!$B:$B,$A7,Detalle!$D:$D,L$4),"▼","="))&" "&TEXT((L7-SUMIFS(Detalle!$H:$H,Detalle!$A:$A,$B$3,Detalle!$B:$B,$A7,Detalle!$D:$D,L$4))/SUMIFS(Detalle!$H:$H,Detalle!$A:$A,$B$3,Detalle!$B:$B,$A7,Detalle!$D:$D,L$4),"0.0%")) -> ▼ -5.0% | N7: =SUMIFS(Detalle!$G:$G,Detalle!$A:$A,$B$3,Detalle!$B:$B,$A7,Detalle!$D:$D,N$4) -> 5557605.9 | O7: =IF(SUMIFS(Detalle!$H:$H,Detalle!$A:$A,$B$3,Detalle!$B:$B,$A7,Detalle!$D:$D,N$4)<=0,IF(N7>0,"▲ nuevo","="),IF(N7>SUMIFS(Detalle!$H:$H,Detalle!$A:$A,$B$3,Detalle!$B:$B,$A7,Detalle!$D:$D,N$4),"▲",IF(N7<SUMIFS(Detalle!$H:$H,Detalle!$A:$A,$B$3,Detalle!$B:$B,$A7,Detalle!$D:$D,N$4),"▼","="))&" "&TEXT((N7-SUMIFS(Detalle!$H:$H,Detalle!$A:$A,$B$3,Detalle!$B:$B,$A7,Detalle!$D:$D,N$4))/SUMIFS(Detalle!$H:$H,Detalle!$A:$A,$B$3,Detalle!$B:$B,$A7,Detalle!$D:$D,N$4),"0.0%")) -> ▼ -1.8% | P7: =SUMIFS(Detalle!$G:$G,Detalle!$A:$A,$B$3,Detalle!$B:$B,$A7,Detalle!$D:$D,P$4) -> 5611001.5 | Q7: =IF(SUMIFS(Detalle!$H:$H,Detalle!$A:$A,$B$3,Detalle!$B:$B,$A7,Detalle!$D:$D,P$4)<=0,IF(P7>0,"▲ nuevo","="),IF(P7>SUMIFS(Detalle!$H:$H,Detalle!$A:$A,$B$3,Detalle!$B:$B,$A7,Detalle!$D:$D,P$4),"▲",IF(P7<SUMIFS(Detalle!$H:$H,Detalle!$A:$A,$B$3,Detalle!$B:$B,$A7,Detalle!$D:$D,P$4),"▼","="))&" "&TEXT((P7-SUMIFS(Detalle!$H:$H,Detalle!$A:$A,$B$3,Detalle!$B:$B,$A7,Detalle!$D:$D,P$4))/SUMIFS(Detalle!$H:$H,Detalle!$A:$A,$B$3,Detalle!$B:$B,$A7,Detalle!$D:$D,P$4),"0.0%")) -> ▲ 1.0%
A8: TOTAL MINORISTA | B8: =SUMIFS(Detalle!$G:$G,Detalle!$A:$A,"Total",Detalle!$B:$B,"Minorista",Detalle!$D:$D,B$4) -> 11227031 | C8: =IF(SUMIFS(Detalle!$H:$H,Detalle!$A:$A,"Total",Detalle!$B:$B,"Minorista",Detalle!$D:$D,B$4)<=0,IF(B8>0,"▲ nuevo","="),IF(B8>SUMIFS(Detalle!$H:$H,Detalle!$A:$A,"Total",Detalle!$B:$B,"Minorista",Detalle!$D:$D,B$4),"▲",IF(B8<SUMIFS(Detalle!$H:$H,Detalle!$A:$A,"Total",Detalle!$B:$B,"Minorista",Detalle!$D:$D,B$4),"▼","="))&" "&TEXT((B8-SUMIFS(Detalle!$H:$H,Detalle!$A:$A,"Total",Detalle!$B:$B,"Minorista",Detalle!$D:$D,B$4))/SUMIFS(Detalle!$H:$H,Detalle!$A:$A,"Total",Detalle!$B:$B,"Minorista",Detalle!$D:$D,B$4),"0.0%")) -> ▼ -3.3% | D8: =SUMIFS(Detalle!$G:$G,Detalle!$A:$A,"Total",Detalle!$B:$B,"Minorista",Detalle!$D:$D,D$4) -> 11920827 | E8: =IF(SUMIFS(Detalle!$H:$H,Detalle!$A:$A,"Total",Detalle!$B:$B,"Minorista",Detalle!$D:$D,D$4)<=0,IF(D8>0,"▲ nuevo","="),IF(D8>SUMIFS(Detalle!$H:$H,Detalle!$A:$A,"Total",Detalle!$B:$B,"Minorista",Detalle!$D:$D,D$4),"▲",IF(D8<SUMIFS(Detalle!$H:$H,Detalle!$A:$A,"Total",Detalle!$B:$B,"Minorista",Detalle!$D:$D,D$4),"▼","="))&" "&TEXT((D8-SUMIFS(Detalle!$H:$H,Detalle!$A:$A,"Total",Detalle!$B:$B,"Minorista",Detalle!$D:$D,D$4))/SUMIFS(Detalle!$H:$H,Detalle!$A:$A,"Total",Detalle!$B:$B,"Minorista",Detalle!$D:$D,D$4),"0.0%")) -> ▲ 6.2% | F8: =SUMIFS(Detalle!$G:$G,Detalle!$A:$A,"Total",Detalle!$B:$B,"Minorista",Detalle!$D:$D,F$4) -> 13229334 | G8: =IF(SUMIFS(Detalle!$H:$H,Detalle!$A:$A,"Total",Detalle!$B:$B,"Minorista",Detalle!$D:$D,F$4)<=0,IF(F8>0,"▲ nuevo","="),IF(F8>SUMIFS(Detalle!$H:$H,Detalle!$A:$A,"Total",Detalle!$B:$B,"Minorista",Detalle!$D:$D,F$4),"▲",IF(F8<SUMIFS(Detalle!$H:$H,Detalle!$A:$A,"Total",Detalle!$B:$B,"Minorista",Detalle!$D:$D,F$4),"▼","="))&" "&TEXT((F8-SUMIFS(Detalle!$H:$H,Detalle!$A:$A,"Total",Detalle!$B:$B,"Minorista",Detalle!$D:$D,F$4))/SUMIFS(Detalle!$H:$H,Detalle!$A:$A,"Total",Detalle!$B:$B,"Minorista",Detalle!$D:$D,F$4),"0.0%")) -> ▲ 11.0% | H8: =SUMIFS(Detalle!$G:$G,Detalle!$A:$A,"Total",Detalle!$B:$B,"Minorista",Detalle!$D:$D,H$4) -> 11923421 | I8: =IF(SUMIFS(Detalle!$H:$H,Detalle!$A:$A,"Total",Detalle!$B:$B,"Minorista",Detalle!$D:$D,H$4)<=0,IF(H8>0,"▲ nuevo","="),IF(H8>SUMIFS(Detalle!$H:$H,Detalle!$A:$A,"Total",Detalle!$B:$B,"Minorista",Detalle!$D:$D,H$4),"▲",IF(H8<SUMIFS(Detalle!$H:$H,Detalle!$A:$A,"Total",Detalle!$B:$B,"Minorista",Detalle!$D:$D,H$4),"▼","="))&" "&TEXT((H8-SUMIFS(Detalle!$H:$H,Detalle!$A:$A,"Total",Detalle!$B:$B,"Minorista",Detalle!$D:$D,H$4))/SUMIFS(Detalle!$H:$H,Detalle!$A:$A,"Total",Detalle!$B:$B,"Minorista",Detalle!$D:$D,H$4),"0.0%")) -> ▼ -9.9% | J8: =SUMIFS(Detalle!$G:$G,Detalle!$A:$A,"Total",Detalle!$B:$B,"Minorista",Detalle!$D:$D,J$4) -> 12320136 | K8: =IF(SUMIFS(Detalle!$H:$H,Detalle!$A:$A,"Total",Detalle!$B:$B,"Minorista",Detalle!$D:$D,J$4)<=0,IF(J8>0,"▲ nuevo","="),IF(J8>SUMIFS(Detalle!$H:$H,Detalle!$A:$A,"Total",Detalle!$B:$B,"Minorista",Detalle!$D:$D,J$4),"▲",IF(J8<SUMIFS(Detalle!$H:$H,Detalle!$A:$A,"Total",Detalle!$B:$B,"Minorista",Detalle!$D:$D,J$4),"▼","="))&" "&TEXT((J8-SUMIFS(Detalle!$H:$H,Detalle!$A:$A,"Total",Detalle!$B:$B,"Minorista",Detalle!$D:$D,J$4))/SUMIFS(Detalle!$H:$H,Detalle!$A:$A,"Total",Detalle!$B:$B,"Minorista",Detalle!$D:$D,J$4),"0.0%")) -> ▲ 3.3% | L8: =SUMIFS(Detalle!$G:$G,Detalle!$A:$A,"Total",Detalle!$B:$B,"Minorista",Detalle!$D:$D,L$4) -> 11367430 | M8: =IF(SUMIFS(Detalle!$H:$H,Detalle!$A:$A,"Total",Detalle!$B:$B,"Minorista",Detalle!$D:$D,L$4)<=0,IF(L8>0,"▲ nuevo","="),IF(L8>SUMIFS(Detalle!$H:$H,Detalle!$A:$A,"Total",Detalle!$B:$B,"Minorista",Detalle!$D:$D,L$4),"▲",IF(L8<SUMIFS(Detalle!$H:$H,Detalle!$A:$A,"Total",Detalle!$B:$B,"Minorista",Detalle!$D:$D,L$4),"▼","="))&" "&TEXT((L8-SUMIFS(Detalle!$H:$H,Detalle!$A:$A,"Total",Detalle!$B:$B,"Minorista",Detalle!$D:$D,L$4))/SUMIFS(Detalle!$H:$H,Detalle!$A:$A,"Total",Detalle!$B:$B,"Minorista",Detalle!$D:$D,L$4),"0.0%")) -> ▼ -7.7% | N8: =SUMIFS(Detalle!$G:$G,Detalle!$A:$A,"Total",Detalle!$B:$B,"Minorista",Detalle!$D:$D,N$4) -> 11290560 | O8: =IF(SUMIFS(Detalle!$H:$H,Detalle!$A:$A,"Total",Detalle!$B:$B,"Minorista",Detalle!$D:$D,N$4)<=0,IF(N8>0,"▲ nuevo","="),IF(N8>SUMIFS(Detalle!$H:$H,Detalle!$A:$A,"Total",Detalle!$B:$B,"Minorista",Detalle!$D:$D,N$4),"▲",IF(N8<SUMIFS(Detalle!$H:$H,Detalle!$A:$A,"Total",Detalle!$B:$B,"Minorista",Detalle!$D:$D,N$4),"▼","="))&" "&TEXT((N8-SUMIFS(Detalle!$H:$H,Detalle!$A:$A,"Total",Detalle!$B:$B,"Minorista",Detalle!$D:$D,N$4))/SUMIFS(Detalle!$H:$H,Detalle!$A:$A,"Total",Detalle!$B:$B,"Minorista",Detalle!$D:$D,N$4),"0.0%")) -> ▼ -0.7% | P8: =SUMIFS(Detalle!$G:$G,Detalle!$A:$A,"Total",Detalle!$B:$B,"Minorista",Detalle!$D:$D,P$4) -> 11477013 | Q8: =IF(SUMIFS(Detalle!$H:$H,Detalle!$A:$A,"Total",Detalle!$B:$B,"Minorista",Detalle!$D:$D,P$4)<=0,IF(P8>0,"▲ nuevo","="),IF(P8>SUMIFS(Detalle!$H:$H,Detalle!$A:$A,"Total",Detalle!$B:$B,"Minorista",Detalle!$D:$D,P$4),"▲",IF(P8<SUMIFS(Detalle!$H:$H,Detalle!$A:$A,"Total",Detalle!$B:$B,"Minorista",Detalle!$D:$D,P$4),"▼","="))&" "&TEXT((P8-SUMIFS(Detalle!$H:$H,Detalle!$A:$A,"Total",Detalle!$B:$B,"Minorista",Detalle!$D:$D,P$4))/SUMIFS(Detalle!$H:$H,Detalle!$A:$A,"Total",Detalle!$B:$B,"Minorista",Detalle!$D:$D,P$4),"0.0%")) -> ▲ 1.7%
A9: Control: suma de filas − total (debe ser 0) | B9: =ROUND(SUM(B6:B7)-B8,0) -> 0 | D9: =ROUND(SUM(D6:D7)-D8,0) -> 0 | F9: =ROUND(SUM(F6:F7)-F8,0) -> 0 | H9: =ROUND(SUM(H6:H7)-H8,0) -> 0 | J9: =ROUND(SUM(J6:J7)-J8,0) -> 0 | L9: =ROUND(SUM(L6:L7)-L8,0) -> 0 | N9: =ROUND(SUM(N6:N7)-N8,0) -> 0 | P9: =ROUND(SUM(P6:P7)-P8,0) -> 0

Sheet Supervisor
A1: Ventas semanales por supervisor — Canal Minorista (pedidos)
A2: Monto neto sin ITBIS de pedidos (estatus 2/7/11). Semana lunes–domingo; la última (amarilla) es ESTIMADA: días transcurridos reales + promedio del mismo día de las últimas 4 semanas completas.
A3: Corte (clave en Detalle) | B3: Supervisor
A4: Inicio de semana (lunes) | B4: 46258 | D4: 46265 | F4: 46272 | H4: 46279 | J4: 46286 | L4: 46293 | N4: 46300 | P4: 46307
A5: Supervisor | B5: Sem 35 (24/08) | C5: vs sem. ant. | D5: Sem 36 (31/08) | E5: vs sem. ant. | F5: Sem 37 (07/09) | G5: vs sem. ant. | H5: Sem 38 (14/09) | I5: vs sem. ant. | J5: Sem 39 (21/09) | K5: vs sem. ant. | L5: Sem 40 (28/09) | M5: vs sem. ant. | N5: Sem 41 (05/10) | O5: vs sem. ant. | P5: Sem 42 (12/10) · EST. | Q5: vs sem. ant.
A6: Narciso Piña Bello (Sur L | B6: =SUMIFS(Detalle!$G:$G,Detalle!$A:$A,$B$3,Detalle!$B:$B,$A6,Detalle!$D:$D,B$4) -> 3233955 | C6: =IF(SUMIFS(Detalle!$H:$H,Detalle!$A:$A,$B$3,Detalle!$B:$B,$A6,Detalle!$D:$D,B$4)<=0,IF(B6>0,"▲ nuevo","="),IF(B6>SUMIFS(Detalle!$H:$H,Detalle!$A:$A,$B$3,Detalle!$B:$B,$A6,Detalle!$D:$D,B$4),"▲",IF(B6<SUMIFS(Detalle!$H:$H,Detalle!$A:$A,$B$3,Detalle!$B:$B,$A6,Detalle!$D:$D,B$4),"▼","="))&" "&TEXT((B6-SUMIFS(Detalle!$H:$H,Detalle!$A:$A,$B$3,Detalle!$B:$B,$A6,Detalle!$D:$D,B$4))/SUMIFS(Detalle!$H:$H,Detalle!$A:$A,$B$3,Detalle!$B:$B,$A6,Detalle!$D:$D,B$4),"0.0%")) -> ▲ 0.9% | D6: =SUMIFS(Detalle!$G:$G,Detalle!$A:$A,$B$3,Detalle!$B:$B,$A6,Detalle!$D:$D,D$4) -> 3477033.5 | E6: =IF(SUMIFS(Detalle!$H:$H,Detalle!$A:$A,$B$3,Detalle!$B:$B,$A6,Detalle!$D:$D,D$4)<=0,IF(D6>0,"▲ nuevo","="),IF(D6>SUMIFS(Detalle!$H:$H,Detalle!$A:$A,$B$3,Detalle!$B:$B,$A6,Detalle!$D:$D,D$4),"▲",IF(D6<SUMIFS(Detalle!$H:$H,Detalle!$A:$A,$B$3,Detalle!$B:$B,$A6,Detalle!$D:$D,D$4),"▼","="))&" "&TEXT((D6-SUMIFS(Detalle!$H:$H,Detalle!$A:$A,$B$3,Detalle!$B:$B,$A6,Detalle!$D:$D,D$4))/SUMIFS(Detalle!$H:$H,Detalle!$A:$A,$B$3,Detalle!$B:$B,$A6,Detalle!$D:$D,D$4),"0.0%")) -> ▲ 7.5% | F6: =SUMIFS(Detalle!$G:$G,Detalle!$A:$A,$B$3,Detalle!$B:$B,$A6,Detalle!$D:$D,F$4) -> 4140482.7 | G6: =IF(SUMIFS(Detalle!$H:$H,Detalle!$A:$A,$B$3,Detalle!$B:$B,$A6,Detalle!$D:$D,F$4)<=0,IF(F6>0,"▲ nuevo","="),IF(F6>SUMIFS(Detalle!$H:$H,Detalle!$A:$A,$B$3,Detalle!$B:$B,$A6,Detalle!$D:$D,F$4),"▲",IF(F6<SUMIFS(Detalle!$H:$H,Detalle!$A:$A,$B$3,Detalle!$B:$B,$A6,Detalle!$D:$D,F$4),"▼","="))&" "&TEXT((F6-SUMIFS(Detalle!$H:$H,Detalle!$A:$A,$B$3,Detalle!$B:$B,$A6,Detalle!$D:$D,F$4))/SUMIFS(Detalle!$H:$H,Detalle!$A:$A,$B$3,Detalle!$B:$B,$A6,Detalle!$D:$D,F$4),"0.0%")) -> ▲ 19.1% | H6: =SUMIFS(Detalle!$G:$G,Detalle!$A:$A,$B$3,Detalle!$B:$B,$A6,Detalle!$D:$D,H$4) -> 3188592.9 | I6: =IF(SUMIFS(Detalle!$H:$H,Detalle!$A:$A,$B$3,Detalle!$B:$B,$A6,Detalle!$D:$D,H$4)<=0,IF(H6>0,"▲ nuevo","="),IF(H6>SUMIFS(Detalle!$H:$H,Detalle!$A:$A,$B$3,Detalle!$B:$B,$A6,Detalle!$D:$D,H$4),"▲",IF(H6<SUMIFS(Detalle!$H:$H,Detalle!$A:$A,$B$3,Detalle!$B:$B,$A6,Detalle!$D:$D,H$4),"▼","="))&" "&TEXT((H6-SUMIFS(Detalle!$H:$H,Detalle!$A:$A,$B$3,Detalle!$B:$B,$A6,Detalle!$D:$D,H$4))/SUMIFS(Detalle!$H:$H,Detalle!$A:$A,$B$3,Detalle!$B:$B,$A6,Detalle!$D:$D,H$4),"0.0%")) -> ▼ -23.0% | J6: =SUMIFS(Detalle!$G:$G,Detalle!$A:$A,$B$3,Detalle!$B:$B,$A6,Detalle!$D:$D,J$4) -> 3408123.8 | K6: =IF(SUMIFS(Detalle!$H:$H,Detalle!$A:$A,$B$3,Detalle!$B:$B,$A6,Detalle!$D:$D,J$4)<=0,IF(J6>0,"▲ nuevo","="),IF(J6>SUMIFS(Detalle!$H:$H,Detalle!$A:$A,$B$3,Detalle!$B:$B,$A6,Detalle!$D:$D,J$4),"▲",IF(J6<SUMIFS(Detalle!$H:$H,Detalle!$A:$A,$B$3,Detalle!$B:$B,$A6,Detalle!$D:$D,J$4),"▼","="))&" "&TEXT((J6-SUMIFS(Detalle!$H:$H,Detalle!$A:$A,$B$3,Detalle!$B:$B,$A6,Detalle!$D:$D,J$4))/SUMIFS(Detalle!$H:$H,Detalle!$A:$A,$B$3,Detalle!$B:$B,$A6,Detalle!$D:$D,J$4),"0.0%")) -> ▲ 6.9% | L6: =SUMIFS(Detalle!$G:$G,Detalle!$A:$A,$B$3,Detalle!$B:$B,$A6,Detalle!$D:$D,L$4) -> 3199580.5 | M6: =IF(SUMIFS(Detalle!$H:$H,Detalle!$A:$A,$B$3,Detalle!$B:$B,$A6,Detalle!$D:$D,L$4)<=0,IF(L6>0,"▲ nuevo","="),IF(L6>SUMIFS(Detalle!$H:$H,Detalle!$A:$A,$B$3,Detalle!$B:$B,$A6,Detalle!$D:$D,L$4),"▲",IF(L6<SUMIFS(Detalle!$H:$H,Detalle!$A:$A,$B$3,Detalle!$B:$B,$A6,Detalle!$D:$D,L$4),"▼","="))&" "&TEXT((L6-SUMIFS(Detalle!$H:$H,Detalle!$A:$A,$B$3,Detalle!$B:$B,$A6,Detalle!$D:$D,L$4))/SUMIFS(Detalle!$H:$H,Detalle!$A:$A,$B$3,Detalle!$B:$B,$A6,Detalle!$D:$D,L$4),"0.0%")) -> ▼ -6.1% | N6: =SUMIFS(Detalle!$G:$G,Detalle!$A:$A,$B$3,Detalle!$B:$B,$A6,Detalle!$D:$D,N$4) -> 3048153 | O6: =IF(SUMIFS(Detalle!$H:$H,Detalle!$A:$A,$B$3,Detalle!$B:$B,$A6,Detalle!$D:$D,N$4)<=0,IF(N6>0,"▲ nuevo","="),IF(N6>SUMIFS(Detalle!$H:$H,Detalle!$A:$A,$B$3,Detalle!$B:$B,$A6,Detalle!$D:$D,N$4),"▲",IF(N6<SUMIFS(Detalle!$H:$H,Detalle!$A:$A,$B$3,Detalle!$B:$B,$A6,Detalle!$D:$D,N$4),"▼","="))&" "&TEXT((N6-SUMIFS(Detalle!$H:$H,Detalle!$A:$A,$B$3,Detalle!$B:$B,$A6,Detalle!$D:$D,N$4))/SUMIFS(Detalle!$H:$H,Detalle!$A:$A,$B$3,Detalle!$B:$B,$A6,Detalle!$D:$D,N$4),"0.0%")) -> ▼ -4.7% | P6: =SUMIFS(Detalle!$G:$G,Detalle!$A:$A,$B$3,Detalle!$B:$B,$A6,Detalle!$D:$D,P$4) -> 3142549 | Q6: =IF(SUMIFS(Detalle!$H:$H,Detalle!$A:$A,$B$3,Detalle!$B:$B,$A6,Detalle!$D:$D,P$4)<=0,IF(P6>0,"▲ nuevo","="),IF(P6>SUMIFS(Detalle!$H:$H,Detalle!$A:$A,$B$3,Detalle!$B:$B,$A6,Detalle!$D:$D,P$4),"▲",IF(P6<SUMIFS(Detalle!$H:$H,Detalle!$A:$A,$B$3,Detalle!$B:$B,$A6,Detalle!$D:$D,P$4),"▼","="))&" "&TEXT((P6-SUMIFS(Detalle!$H:$H,Detalle!$A:$A,$B$3,Detalle!$B:$B,$A6,Detalle!$D:$D,P$4))/SUMIFS(Detalle!$H:$H,Detalle!$A:$A,$B$3,Detalle!$B:$B,$A6,Detalle!$D:$D,P$4),"0.0%")) -> ▲ 3.1%
A7: Rafael Otaño Sur Corto (S | B7: =SUMIFS(Detalle!$G:$G,Detalle!$A:$A,$B$3,Detalle!$B:$B,$A7,Detalle!$D:$D,B$4) -> 2811391.2 | C7: =IF(SUMIFS(Detalle!$H:$H,Detalle!$A:$A,$B$3,Detalle!$B:$B,$A7,Detalle!$D:$D,B$4)<=0,IF(B7>0,"▲ nuevo","="),IF(B7>SUMIFS(Detalle!$H:$H,Detalle!$A:$A,$B$3,Detalle!$B:$B,$A7,Detalle!$D:$D,B$4),"▲",IF(B7<SUMIFS(Detalle!$H:$H,Detalle!$A:$A,$B$3,Detalle!$B:$B,$A7,Detalle!$D:$D,B$4),"▼","="))&" "&TEXT((B7-SUMIFS(Detalle!$H:$H,Detalle!$A:$A,$B$3,Detalle!$B:$B,$A7,Detalle!$D:$D,B$4))/SUMIFS(Detalle!$H:$H,Detalle!$A:$A,$B$3,Detalle!$B:$B,$A7,Detalle!$D:$D,B$4),"0.0%")) -> ▼ -6.9% | D7: =SUMIFS(Detalle!$G:$G,Detalle!$A:$A,$B$3,Detalle!$B:$B,$A7,Detalle!$D:$D,D$4) -> 3023329.9 | E7: =IF(SUMIFS(Detalle!$H:$H,Detalle!$A:$A,$B$3,Detalle!$B:$B,$A7,Detalle!$D:$D,D$4)<=0,IF(D7>0,"▲ nuevo","="),IF(D7>SUMIFS(Detalle!$H:$H,Detalle!$A:$A,$B$3,Detalle!$B:$B,$A7,Detalle!$D:$D,D$4),"▲",IF(D7<SUMIFS(Detalle!$H:$H,Detalle!$A:$A,$B$3,Detalle!$B:$B,$A7,Detalle!$D:$D,D$4),"▼","="))&" "&TEXT((D7-SUMIFS(Detalle!$H:$H,Detalle!$A:$A,$B$3,Detalle!$B:$B,$A7,Detalle!$D:$D,D$4))/SUMIFS(Detalle!$H:$H,Detalle!$A:$A,$B$3,Detalle!$B:$B,$A7,Detalle!$D:$D,D$4),"0.0%")) -> ▲ 7.5% | F7: =SUMIFS(Detalle!$G:$G,Detalle!$A:$A,$B$3,Detalle!$B:$B,$A7,Detalle!$D:$D,F$4) -> 2942853.7 | G7: =IF(SUMIFS(Detalle!$H:$H,Detalle!$A:$A,$B$3,Detalle!$B:$B,$A7,Detalle!$D:$D,F$4)<=0,IF(F7>0,"▲ nuevo","="),IF(F7>SUMIFS(Detalle!$H:$H,Detalle!$A:$A,$B$3,Detalle!$B:$B,$A7,Detalle!$D:$D,F$4),"▲",IF(F7<SUMIFS(Detalle!$H:$H,Detalle!$A:$A,$B$3,Detalle!$B:$B,$A7,Detalle!$D:$D,F$4),"▼","="))&" "&TEXT((F7-SUMIFS(Detalle!$H:$H,Detalle!$A:$A,$B$3,Detalle!$B:$B,$A7,Detalle!$D:$D,F$4))/SUMIFS(Detalle!$H:$H,Detalle!$A:$A,$B$3,Detalle!$B:$B,$A7,Detalle!$D:$D,F$4),"0.0%")) -> ▼ -2.7% | H7: =SUMIFS(Detalle!$G:$G,Detalle!$A:$A,$B$3,Detalle!$B:$B,$A7,Detalle!$D:$D,H$4) -> 3049844.4 | I7: =IF(SUMIFS(Detalle!$H:$H,Detalle!$A:$A,$B$3,Detalle!$B:$B,$A7,Detalle!$D:$D,H$4)<=0,IF(H7>0,"▲ nuevo","="),IF(H7>SUMIFS(Detalle!$H:$H,Detalle!$A:$A,$B$3,Detalle!$B:$B,$A7,Detalle!$D:$D,H$4),"▲",IF(H7<SUMIFS(Detalle!$H:$H,Detalle!$A:$A,$B$3,Detalle!$B:$B,$A7,Detalle!$D:$D,H$4),"▼","="))&" "&TEXT((H7-SUMIFS(Detalle!$H:$H,Detalle!$A:$A,$B$3,Detalle!$B:$B,$A7,Detalle!$D:$D,H$4))/SUMIFS(Detalle!$H:$H,Detalle!$A:$A,$B$3,Detalle!$B:$B,$A7,Detalle!$D:$D,H$4),"0.0%")) -> ▲ 3.6% | J7: =SUMIFS(Detalle!$G:$G,Detalle!$A:$A,$B$3,Detalle!$B:$B,$A7,Detalle!$D:$D,J$4) -> 2958436.8 | K7: =IF(SUMIFS(Detalle!$H:$H,Detalle!$A:$A,$B$3,Detalle!$B:$B,$A7,Detalle!$D:$D,J$4)<=0,IF(J7>0,"▲ nuevo","="),IF(J7>SUMIFS(Detalle!$H:$H,Detalle!$A:$A,$B$3,Detalle!$B:$B,$A7,Detalle!$D:$D,J$4),"▲",IF(J7<SUMIFS(Detalle!$H:$H,Detalle!$A:$A,$B$3,Detalle!$B:$B,$A7,Detalle!$D:$D,J$4),"▼","="))&" "&TEXT((J7-SUMIFS(Detalle!$H:$H,Detalle!$A:$A,$B$3,Detalle!$B:$B,$A7,Detalle!$D:$D,J$4))/SUMIFS(Detalle!$H:$H,Detalle!$A:$A,$B$3,Detalle!$B:$B,$A7,Detalle!$D:$D,J$4),"0.0%")) -> ▼ -3.0% | L7: =SUMIFS(Detalle!$G:$G,Detalle!$A:$A,$B$3,Detalle!$B:$B,$A7,Detalle!$D:$D,L$4) -> 2509319.9 | M7: =IF(SUMIFS(Detalle!$H:$H,Detalle!$A:$A,$B$3,Detalle!$B:$B,$A7,Detalle!$D:$D,L$4)<=0,IF(L7>0,"▲ nuevo","="),IF(L7>SUMIFS(Detalle!$H:$H,Detalle!$A:$A,$B$3,Detalle!$B:$B,$A7,Detalle!$D:$D,L$4),"▲",IF(L7<SUMIFS(Detalle!$H:$H,Detalle!$A:$A,$B$3,Detalle!$B:$B,$A7,Detalle!$D:$D,L$4),"▼","="))&" "&TEXT((L7-SUMIFS(Detalle!$H:$H,Detalle!$A:$A,$B$3,Detalle!$B:$B,$A7,Detalle!$D:$D,L$4))/SUMIFS(Detalle!$H:$H,Detalle!$A:$A,$B$3,Detalle!$B:$B,$A7,Detalle!$D:$D,L$4),"0.0%")) -> ▼ -15.2% | N7: =SUMIFS(Detalle!$G:$G,Detalle!$A:$A,$B$3,Detalle!$B:$B,$A7,Detalle!$D:$D,N$4) -> 2684801.4 | O7: =IF(SUMIFS(Detalle!$H:$H,Detalle!$A:$A,$B$3,Detalle!$B:$B,$A7,Detalle!$D:$D,N$4)<=0,IF(N7>0,"▲ nuevo","="),IF(N7>SUMIFS(Detalle!$H:$H,Detalle!$A:$A,$B$3,Detalle!$B:$B,$A7,Detalle!$D:$D,N$4),"▲",IF(N7<SUMIFS(Detalle!$H:$H,Detalle!$A:$A,$B$3,Detalle!$B:$B,$A7,Detalle!$D:$D,N$4),"▼","="))&" "&TEXT((N7-SUMIFS(Detalle!$H:$H,Detalle!$A:$A,$B$3,Detalle!$B:$B,$A7,Detalle!$D:$D,N$4))/SUMIFS(Detalle!$H:$H,Detalle!$A:$A,$B$3,Detalle!$B:$B,$A7,Detalle!$D:$D,N$4),"0.0%")) -> ▲ 7.0% | P7: =SUMIFS(Detalle!$G:$G,Detalle!$A:$A,$B$3,Detalle!$B:$B,$A7,Detalle!$D:$D,P$4) -> 2723462.6 | Q7: =IF(SUMIFS(Detalle!$H:$H,Detalle!$A:$A,$B$3,Detalle!$B:$B,$A7,Detalle!$D:$D,P$4)<=0,IF(P7>0,"▲ nuevo","="),IF(P7>SUMIFS(Detalle!$H:$H,Detalle!$A:$A,$B$3,Detalle!$B:$B,$A7,Detalle!$D:$D,P$4),"▲",IF(P7<SUMIFS(Detalle!$H:$H,Detalle!$A:$A,$B$3,Detalle!$B:$B,$A7,Detalle!$D:$D,P$4),"▼","="))&" "&TEXT((P7-SUMIFS(Detalle!$H:$H,Detalle!$A:$A,$B$3,Detalle!$B:$B,$A7,Detalle!$D:$D,P$4))/SUMIFS(Detalle!$H:$H,Detalle!$A:$A,$B$3,Detalle!$B:$B,$A7,Detalle!$D:$D,P$4),"0.0%")) -> ▲ 1.4%
A8: Ramon E. Pimentel (SDE) | B8: =SUMIFS(Detalle!$G:$G,Detalle!$A:$A,$B$3,Detalle!$B:$B,$A8,Detalle!$D:$D,B$4) -> 1872870.8 | C8: =IF(SUMIFS(Detalle!$H:$H,Detalle!$A:$A,$B$3,Detalle!$B:$B,$A8,Detalle!$D:$D,B$4)<=0,IF(B8>0,"▲ nuevo","="),IF(B8>SUMIFS(Detalle!$H:$H,Detalle!$A:$A,$B$3,Detalle!$B:$B,$A8,Detalle!$D:$D,B$4),"▲",IF(B8<SUMIFS(Detalle!$H:$H,Detalle!$A:$A,$B$3,Detalle!$B:$B,$A8,Detalle!$D:$D,B$4),"▼","="))&" "&TEXT((B8-SUMIFS(Detalle!$H:$H,Detalle!$A:$A,$B$3,Detalle!$B:$B,$A8,Detalle!$D:$D,B$4))/SUMIFS(Detalle!$H:$H,Detalle!$A:$A,$B$3,Detalle!$B:$B,$A8,Detalle!$D:$D,B$4),"0.0%")) -> ▼ -5.2% | D8: =SUMIFS(Detalle!$G:$G,Detalle!$A:$A,$B$3,Detalle!$B:$B,$A8,Detalle!$D:$D,D$4) -> 2122344.4 | E8: =IF(SUMIFS(Detalle!$H:$H,Detalle!$A:$A,$B$3,Detalle!$B:$B,$A8,Detalle!$D:$D,D$4)<=0,IF(D8>0,"▲ nuevo","="),IF(D8>SUMIFS(Detalle!$H:$H,Detalle!$A:$A,$B$3,Detalle!$B:$B,$A8,Detalle!$D:$D,D$4),"▲",IF(D8<SUMIFS(Detalle!$H:$H,Detalle!$A:$A,$B$3,Detalle!$B:$B,$A8,Detalle!$D:$D,D$4),"▼","="))&" "&TEXT((D8-SUMIFS(Detalle!$H:$H,Detalle!$A:$A,$B$3,Detalle!$B:$B,$A8,Detalle!$D:$D,D$4))/SUMIFS(Detalle!$H:$H,Detalle!$A:$A,$B$3,Detalle!$B:$B,$A8,Detalle!$D:$D,D$4),"0.0%")) -> ▲ 13.3% | F8: =SUMIFS(Detalle!$G:$G,Detalle!$A:$A,$B$3,Detalle!$B:$B,$A8,Detalle!$D:$D,F$4) -> 2234177.6 | G8: =IF(SUMIFS(Detalle!$H:$H,Detalle!$A:$A,$B$3,Detalle!$B:$B,$A8,Detalle!$D:$D,F$4)<=0,IF(F8>0,"▲ nuevo","="),IF(F8>SUMIFS(Detalle!$H:$H,Detalle!$A:$A,$B$3,Detalle!$B:$B,$A8,Detalle!$D:$D,F$4),"▲",IF(F8<SUMIFS(Detalle!$H:$H,Detalle!$A:$A,$B$3,Detalle!$B:$B,$A8,Detalle!$D:$D,F$4),"▼","="))&" "&TEXT((F8-SUMIFS(Detalle!$H:$H,Detalle!$A:$A,$B$3,Detalle!$B:$B,$A8,Detalle!$D:$D,F$4))/SUMIFS(Detalle!$H:$H,Detalle!$A:$A,$B$3,Detalle!$B:$B,$A8,Detalle!$D:$D,F$4),"0.0%")) -> ▲ 5.3% | H8: =SUMIFS(Detalle!$G:$G,Detalle!$A:$A,$B$3,Detalle!$B:$B,$A8,Detalle!$D:$D,H$4) -> 2145553.7 | I8: =IF(SUMIFS(Detalle!$H:$H,Detalle!$A:$A,$B$3,Detalle!$B:$B,$A8,Detalle!$D:$D,H$4)<=0,IF(H8>0,"▲ nuevo","="),IF(H8>SUMIFS(Detalle!$H:$H,Detalle!$A:$A,$B$3,Detalle!$B:$B,$A8,Detalle!$D:$D,H$4),"▲",IF(H8<SUMIFS(Detalle!$H:$H,Detalle!$A:$A,$B$3,Detalle!$B:$B,$A8,Detalle!$D:$D,H$4),"▼","="))&" "&TEXT((H8-SUMIFS(Detalle!$H:$H,Detalle!$A:$A,$B$3,Detalle!$B:$B,$A8,Detalle!$D:$D,H$4))/SUMIFS(Detalle!$H:$H,Detalle!$A:$A,$B$3,Detalle!$B:$B,$A8,Detalle!$D:$D,H$4),"0.0%")) -> ▼ -4.0% | J8: =SUMIFS(Detalle!$G:$G,Detalle!$A:$A,$B$3,Detalle!$B:$B,$A8,Detalle!$D:$D,J$4) -> 2180763.5 | K8: =IF(SUMIFS(Detalle!$H:$H,Detalle!$A:$A,$B$3,Detalle!$B:$B,$A8,Detalle!$D:$D,J$4)<=0,IF(J8>0,"▲ nuevo","="),IF(J8>SUMIFS(Detalle!$H:$H,Detalle!$A:$A,$B$3,Detalle!$B:$B,$A8,Detalle!$D:$D,J$4),"▲",IF(J8<SUMIFS(Detalle!$H:$H,Detalle!$A:$A,$B$3,Detalle!$B:$B,$A8,Detalle!$D:$D,J$4),"▼","="))&" "&TEXT((J8-SUMIFS(Detalle!$H:$H,Detalle!$A:$A,$B$3,Detalle!$B:$B,$A8,Detalle!$D:$D,J$4))/SUMIFS(Detalle!$H:$H,Detalle!$A:$A,$B$3,Detalle!$B:$B,$A8,Detalle!$D:$D,J$4),"0.0%")) -> ▲ 1.6% | L8: =SUMIFS(Detalle!$G:$G,Detalle!$A:$A,$B$3,Detalle!$B:$B,$A8,Detalle!$D:$D,L$4) -> 2048327.5 | M8: =IF(SUMIFS(Detalle!$H:$H,Detalle!$A:$A,$B$3,Detalle!$B:$B,$A8,Detalle!$D:$D,L$4)<=0,IF(L8>0,"▲ nuevo","="),IF(L8>SUMIFS(Detalle!$H:$H,Detalle!$A:$A,$B$3,Detalle!$B:$B,$A8,Detalle!$D:$D,L$4),"▲",IF(L8<SUMIFS(Detalle!$H:$H,Detalle!$A:$A,$B$3,Detalle!$B:$B,$A8,Detalle!$D:$D,L$4),"▼","="))&" "&TEXT((L8-SUMIFS(Detalle!$H:$H,Detalle!$A:$A,$B$3,Detalle!$B:$B,$A8,Detalle!$D:$D,L$4))/SUMIFS(Detalle!$H:$H,Detalle!$A:$A,$B$3,Detalle!$B:$B,$A8,Detalle!$D:$D,L$4),"0.0%")) -> ▼ -6.1% | N8: =SUMIFS(Detalle!$G:$G,Detalle!$A:$A,$B$3,Detalle!$B:$B,$A8,Detalle!$D:$D,N$4) -> 2077098.2 | O8: =IF(SUMIFS(Detalle!$H:$H,Detalle!$A:$A,$B$3,Detalle!$B:$B,$A8,Detalle!$D:$D,N$4)<=0,IF(N8>0,"▲ nuevo","="),IF(N8>SUMIFS(Detalle!$H:$H,Detalle!$A:$A,$B$3,Detalle!$B:$B,$A8,Detalle!$D:$D,N$4),"▲",IF(N8<SUMIFS(Detalle!$H:$H,Detalle!$A:$A,$B$3,Detalle!$B:$B,$A8,Detalle!$D:$D,N$4),"▼","="))&" "&TEXT((N8-SUMIFS(Detalle!$H:$H,Detalle!$A:$A,$B$3,Detalle!$B:$B,$A8,Detalle!$D:$D,N$4))/SUMIFS(Detalle!$H:$H,Detalle!$A:$A,$B$3,Detalle!$B:$B,$A8,Detalle!$D:$D,N$4),"0.0%")) -> ▲ 1.4% | P8: =SUMIFS(Detalle!$G:$G,Detalle!$A:$A,$B$3,Detalle!$B:$B,$A8,Detalle!$D:$D,P$4) -> 2048504.8 | Q8: =IF(SUMIFS(Detalle!$H:$H,Detalle!$A:$A,$B$3,Detalle!$B:$B,$A8,Detalle!$D:$D,P$4)<=0,IF(P8>0,"▲ nuevo","="),IF(P8>SUMIFS(Detalle!$H:$H,Detalle!$A:$A,$B$3,Detalle!$B:$B,$A8,Detalle!$D:$D,P$4),"▲",IF(P8<SUMIFS(Detalle!$H:$H,Detalle!$A:$A,$B$3,Detalle!$B:$B,$A8,Detalle!$D:$D,P$4),"▼","="))&" "&TEXT((P8-SUMIFS(Detalle!$H:$H,Detalle!$A:$A,$B$3,Detalle!$B:$B,$A8,Detalle!$D:$D,P$4))/SUMIFS(Detalle!$H:$H,Detalle!$A:$A,$B$3,Detalle!$B:$B,$A8,Detalle!$D:$D,P$4),"0.0%")) -> ▼ -1.4%
A9: Ramon E. Pimentel (SDN) | B9: =SUMIFS(Detalle!$G:$G,Detalle!$A:$A,$B$3,Detalle!$B:$B,$A9,Detalle!$D:$D,B$4) -> 1298175.3 | C9: =IF(SUMIFS(Detalle!$H:$H,Detalle!$A:$A,$B$3,Detalle!$B:$B,$A9,Detalle!$D:$D,B$4)<=0,IF(B9>0,"▲ nuevo","="),IF(B9>SUMIFS(Detalle!$H:$H,Detalle!$A:$A,$B$3,Detalle!$B:$B,$A9,Detalle!$D:$D,B$4),"▲",IF(B9<SUMIFS(Detalle!$H:$H,Detalle!$A:$A,$B$3,Detalle!$B:$B,$A9,Detalle!$D:$D,B$4),"▼","="))&" "&TEXT((B9-SUMIFS(Detalle!$H:$H,Detalle!$A:$A,$B$3,Detalle!$B:$B,$A9,Detalle!$D:$D,B$4))/SUMIFS(Detalle!$H:$H,Detalle!$A:$A,$B$3,Detalle!$B:$B,$A9,Detalle!$D:$D,B$4),"0.0%")) -> ▲ 0.5% | D9: =SUMIFS(Detalle!$G:$G,Detalle!$A:$A,$B$3,Detalle!$B:$B,$A9,Detalle!$D:$D,D$4) -> 1188190.5 | E9: =IF(SUMIFS(Detalle!$H:$H,Detalle!$A:$A,$B$3,Detalle!$B:$B,$A9,Detalle!$D:$D,D$4)<=0,IF(D9>0,"▲ nuevo","="),IF(D9>SUMIFS(Detalle!$H:$H,Detalle!$A:$A,$B$3,Detalle!$B:$B,$A9,Detalle!$D:$D,D$4),"▲",IF(D9<SUMIFS(Detalle!$H:$H,Detalle!$A:$A,$B$3,Detalle!$B:$B,$A9,Detalle!$D:$D,D$4),"▼","="))&" "&TEXT((D9-SUMIFS(Detalle!$H:$H,Detalle!$A:$A,$B$3,Detalle!$B:$B,$A9,Detalle!$D:$D,D$4))/SUMIFS(Detalle!$H:$H,Detalle!$A:$A,$B$3,Detalle!$B:$B,$A9,Detalle!$D:$D,D$4),"0.0%")) -> ▼ -8.5% | F9: =SUMIFS(Detalle!$G:$G,Detalle!$A:$A,$B$3,Detalle!$B:$B,$A9,Detalle!$D:$D,F$4) -> 1516934.9 | G9: =IF(SUMIFS(Detalle!$H:$H,Detalle!$A:$A,$B$3,Detalle!$B:$B,$A9,Detalle!$D:$D,F$4)<=0,IF(F9>0,"▲ nuevo","="),IF(F9>SUMIFS(Detalle!$H:$H,Detalle!$A:$A,$B$3,Detalle!$B:$B,$A9,Detalle!$D:$D,F$4),"▲",IF(F9<SUMIFS(Detalle!$H:$H,Detalle!$A:$A,$B$3,Detalle!$B:$B,$A9,Detalle!$D:$D,F$4),"▼","="))&" "&TEXT((F9-SUMIFS(Detalle!$H:$H,Detalle!$A:$A,$B$3,Detalle!$B:$B,$A9,Detalle!$D:$D,F$4))/SUMIFS(Detalle!$H:$H,Detalle!$A:$A,$B$3,Detalle!$B:$B,$A9,Detalle!$D:$D,F$4),"0.0%")) -> ▲ 27.7% | H9: =SUMIFS(Detalle!$G:$G,Detalle!$A:$A,$B$3,Detalle!$B:$B,$A9,Detalle!$D:$D,H$4) -> 1330074.8 | I9: =IF(SUMIFS(Detalle!$H:$H,Detalle!$A:$A,$B$3,Detalle!$B:$B,$A9,Detalle!$D:$D,H$4)<=0,IF(H9>0,"▲ nuevo","="),IF(H9>SUMIFS(Detalle!$H:$H,Detalle!$A:$A,$B$3,Detalle!$B:$B,$A9,Detalle!$D:$D,H$4),"▲",IF(H9<SUMIFS(Detalle!$H:$H,Detalle!$A:$A,$B$3,Detalle!$B:$B,$A9,Detalle!$D:$D,H$4),"▼","="))&" "&TEXT((H9-SUMIFS(Detalle!$H:$H,Detalle!$A:$A,$B$3,Detalle!$B:$B,$A9,Detalle!$D:$D,H$4))/SUMIFS(Detalle!$H:$H,Detalle!$A:$A,$B$3,Detalle!$B:$B,$A9,Detalle!$D:$D,H$4),"0.0%")) -> ▼ -12.3% | J9: =SUMIFS(Detalle!$G:$G,Detalle!$A:$A,$B$3,Detalle!$B:$B,$A9,Detalle!$D:$D,J$4) -> 1488331 | K9: =IF(SUMIFS(Detalle!$H:$H,Detalle!$A:$A,$B$3,Detalle!$B:$B,$A9,Detalle!$D:$D,J$4)<=0,IF(J9>0,"▲ nuevo","="),IF(J9>SUMIFS(Detalle!$H:$H,Detalle!$A:$A,$B$3,Detalle!$B:$B,$A9,Detalle!$D:$D,J$4),"▲",IF(J9<SUMIFS(Detalle!$H:$H,Detalle!$A:$A,$B$3,Detalle!$B:$B,$A9,Detalle!$D:$D,J$4),"▼","="))&" "&TEXT((J9-SUMIFS(Detalle!$H:$H,Detalle!$A:$A,$B$3,Detalle!$B:$B,$A9,Detalle!$D:$D,J$4))/SUMIFS(Detalle!$H:$H,Detalle!$A:$A,$B$3,Detalle!$B:$B,$A9,Detalle!$D:$D,J$4),"0.0%")) -> ▲ 11.9% | L9: =SUMIFS(Detalle!$G:$G,Detalle!$A:$A,$B$3,Detalle!$B:$B,$A9,Detalle!$D:$D,L$4) -> 1463815.5 | M9: =IF(SUMIFS(Detalle!$H:$H,Detalle!$A:$A,$B$3,Detalle!$B:$B,$A9,Detalle!$D:$D,L$4)<=0,IF(L9>0,"▲ nuevo","="),IF(L9>SUMIFS(Detalle!$H:$H,Detalle!$A:$A,$B$3,Detalle!$B:$B,$A9,Detalle!$D:$D,L$4),"▲",IF(L9<SUMIFS(Detalle!$H:$H,Detalle!$A:$A,$B$3,Detalle!$B:$B,$A9,Detalle!$D:$D,L$4),"▼","="))&" "&TEXT((L9-SUMIFS(Detalle!$H:$H,Detalle!$A:$A,$B$3,Detalle!$B:$B,$A9,Detalle!$D:$D,L$4))/SUMIFS(Detalle!$H:$H,Detalle!$A:$A,$B$3,Detalle!$B:$B,$A9,Detalle!$D:$D,L$4),"0.0%")) -> ▼ -1.6% | N9: =SUMIFS(Detalle!$G:$G,Detalle!$A:$A,$B$3,Detalle!$B:$B,$A9,Detalle!$D:$D,N$4) -> 1247876.4 | O9: =IF(SUMIFS(Detalle!$H:$H,Detalle!$A:$A,$B$3,Detalle!$B:$B,$A9,Detalle!$D:$D,N$4)<=0,IF(N9>0,"▲ nuevo","="),IF(N9>SUMIFS(Detalle!$H:$H,Detalle!$A:$A,$B$3,Detalle!$B:$B,$A9,Detalle!$D:$D,N$4),"▲",IF(N9<SUMIFS(Detalle!$H:$H,Detalle!$A:$A,$B$3,Detalle!$B:$B,$A9,Detalle!$D:$D,N$4),"▼","="))&" "&TEXT((N9-SUMIFS(Detalle!$H:$H,Detalle!$A:$A,$B$3,Detalle!$B:$B,$A9,Detalle!$D:$D,N$4))/SUMIFS(Detalle!$H:$H,Detalle!$A:$A,$B$3,Detalle!$B:$B,$A9,Detalle!$D:$D,N$4),"0.0%")) -> ▼ -14.8% | P9: =SUMIFS(Detalle!$G:$G,Detalle!$A:$A,$B$3,Detalle!$B:$B,$A9,Detalle!$D:$D,P$4) -> 1308213.3 | Q9: =IF(SUMIFS(Detalle!$H:$H,Detalle!$A:$A,$B$3,Detalle!$B:$B,$A9,Detalle!$D:$D,P$4)<=0,IF(P9>0,"▲ nuevo","="),IF(P9>SUMIFS(Detalle!$H:$H,Detalle!$A:$A,$B$3,Detalle!$B:$B,$A9,Detalle!$D:$D,P$4),"▲",IF(P9<SUMIFS(Detalle!$H:$H,Detalle!$A:$A,$B$3,Detalle!$B:$B,$A9,Detalle!$D:$D,P$4),"▼","="))&" "&TEXT((P9-SUMIFS(Detalle!$H:$H,Detalle!$A:$A,$B$3,Detalle!$B:$B,$A9,Detalle!$D:$D,P$4))/SUMIFS(Detalle!$H:$H,Detalle!$A:$A,$B$3,Detalle!$B:$B,$A9,Detalle!$D:$D,P$4),"0.0%")) -> ▲ 4.8%
A10: Eliezer Martinez (SDO) | B10: =SUMIFS(Detalle!$G:$G,Detalle!$A:$A,$B$3,Detalle!$B:$B,$A10,Detalle!$D:$D,B$4) -> 1008709.6 | C10: =IF(SUMIFS(Detalle!$H:$H,Detalle!$A:$A,$B$3,Detalle!$B:$B,$A10,Detalle!$D:$D,B$4)<=0,IF(B10>0,"▲ nuevo","="),IF(B10>SUMIFS(Detalle!$H:$H,Detalle!$A:$A,$B$3,Detalle!$B:$B,$A10,Detalle!$D:$D,B$4),"▲",IF(B10<SUMIFS(Detalle!$H:$H,Detalle!$A:$A,$B$3,Detalle!$B:$B,$A10,Detalle!$D:$D,B$4),"▼","="))&" "&TEXT((B10-SUMIFS(Detalle!$H:$H,Detalle!$A:$A,$B$3,Detalle!$B:$B,$A10,Detalle!$D:$D,B$4))/SUMIFS(Detalle!$H:$H,Detalle!$A:$A,$B$3,Detalle!$B:$B,$A10,Detalle!$D:$D,B$4),"0.0%")) -> ▼ -2.6% | D10: =SUMIFS(Detalle!$G:$G,Detalle!$A:$A,$B$3,Detalle!$B:$B,$A10,Detalle!$D:$D,D$4) -> 977627.2 | E10: =IF(SUMIFS(Detalle!$H:$H,Detalle!$A:$A,$B$3,Detalle!$B:$B,$A10,Detalle!$D:$D,D$4)<=0,IF(D10>0,"▲ nuevo","="),IF(D10>SUMIFS(Detalle!$H:$H,Detalle!$A:$A,$B$3,Detalle!$B:$B,$A10,Detalle!$D:$D,D$4),"▲",IF(D10<SUMIFS(Detalle!$H:$H,Detalle!$A:$A,$B$3,Detalle!$B:$B,$A10,Detalle!$D:$D,D$4),"▼","="))&" "&TEXT((D10-SUMIFS(Detalle!$H:$H,Detalle!$A:$A,$B$3,Detalle!$B:$B,$A10,Detalle!$D:$D,D$4))/SUMIFS(Detalle!$H:$H,Detalle!$A:$A,$B$3,Detalle!$B:$B,$A10,Detalle!$D:$D,D$4),"0.0%")) -> ▼ -3.1% | F10: =SUMIFS(Detalle!$G:$G,Detalle!$A:$A,$B$3,Detalle!$B:$B,$A10,Detalle!$D:$D,F$4) -> 1181904.7 | G10: =IF(SUMIFS(Detalle!$H:$H,Detalle!$A:$A,$B$3,Detalle!$B:$B,$A10,Detalle!$D:$D,F$4)<=0,IF(F10>0,"▲ nuevo","="),IF(F10>SUMIFS(Detalle!$H:$H,Detalle!$A:$A,$B$3,Detalle!$B:$B,$A10,Detalle!$D:$D,F$4),"▲",IF(F10<SUMIFS(Detalle!$H:$H,Detalle!$A:$A,$B$3,Detalle!$B:$B,$A10,Detalle!$D:$D,F$4),"▼","="))&" "&TEXT((F10-SUMIFS(Detalle!$H:$H,Detalle!$A:$A,$B$3,Detalle!$B:$B,$A10,Detalle!$D:$D,F$4))/SUMIFS(Detalle!$H:$H,Detalle!$A:$A,$B$3,Detalle!$B:$B,$A10,Detalle!$D:$D,F$4),"0.0%")) -> ▲ 20.9% | H10: =SUMIFS(Detalle!$G:$G,Detalle!$A:$A,$B$3,Detalle!$B:$B,$A10,Detalle!$D:$D,H$4) -> 1060551.2 | I10: =IF(SUMIFS(Detalle!$H:$H,Detalle!$A:$A,$B$3,Detalle!$B:$B,$A10,Detalle!$D:$D,H$4)<=0,IF(H10>0,"▲ nuevo","="),IF(H10>SUMIFS(Detalle!$H:$H,Detalle!$A:$A,$B$3,Detalle!$B:$B,$A10,Detalle!$D:$D,H$4),"▲",IF(H10<SUMIFS(Detalle!$H:$H,Detalle!$A:$A,$B$3,Detalle!$B:$B,$A10,Detalle!$D:$D,H$4),"▼","="))&" "&TEXT((H10-SUMIFS(Detalle!$H:$H,Detalle!$A:$A,$B$3,Detalle!$B:$B,$A10,Detalle!$D:$D,H$4))/SUMIFS(Detalle!$H:$H,Detalle!$A:$A,$B$3,Detalle!$B:$B,$A10,Detalle!$D:$D,H$4),"0.0%")) -> ▼ -10.3% | J10: =SUMIFS(Detalle!$G:$G,Detalle!$A:$A,$B$3,Detalle!$B:$B,$A10,Detalle!$D:$D,J$4) -> 1223088.1 | K10: =IF(SUMIFS(Detalle!$H:$H,Detalle!$A:$A,$B$3,Detalle!$B:$B,$A10,Detalle!$D:$D,J$4)<=0,IF(J10>0,"▲ nuevo","="),IF(J10>SUMIFS(Detalle!$H:$H,Detalle!$A:$A,$B$3,Detalle!$B:$B,$A10,Detalle!$D:$D,J$4),"▲",IF(J10<SUMIFS(Detalle!$H:$H,Detalle!$A:$A,$B$3,Detalle!$B:$B,$A10,Detalle!$D:$D,J$4),"▼","="))&" "&TEXT((J10-SUMIFS(Detalle!$H:$H,Detalle!$A:$A,$B$3,Detalle!$B:$B,$A10,Detalle!$D:$D,J$4))/SUMIFS(Detalle!$H:$H,Detalle!$A:$A,$B$3,Detalle!$B:$B,$A10,Detalle!$D:$D,J$4),"0.0%")) -> ▲ 15.3% | L10: =SUMIFS(Detalle!$G:$G,Detalle!$A:$A,$B$3,Detalle!$B:$B,$A10,Detalle!$D:$D,L$4) -> 1098779.2 | M10: =IF(SUMIFS(Detalle!$H:$H,Detalle!$A:$A,$B$3,Detalle!$B:$B,$A10,Detalle!$D:$D,L$4)<=0,IF(L10>0,"▲ nuevo","="),IF(L10>SUMIFS(Detalle!$H:$H,Detalle!$A:$A,$B$3,Detalle!$B:$B,$A10,Detalle!$D:$D,L$4),"▲",IF(L10<SUMIFS(Detalle!$H:$H,Detalle!$A:$A,$B$3,Detalle!$B:$B,$A10,Detalle!$D:$D,L$4),"▼","="))&" "&TEXT((L10-SUMIFS(Detalle!$H:$H,Detalle!$A:$A,$B$3,Detalle!$B:$B,$A10,Detalle!$D:$D,L$4))/SUMIFS(Detalle!$H:$H,Detalle!$A:$A,$B$3,Detalle!$B:$B,$A10,Detalle!$D:$D,L$4),"0.0%")) -> ▼ -10.2% | N10: =SUMIFS(Detalle!$G:$G,Detalle!$A:$A,$B$3,Detalle!$B:$B,$A10,Detalle!$D:$D,N$4) -> 1141700.1 | O10: =IF(SUMIFS(Detalle!$H:$H,Detalle!$A:$A,$B$3,Detalle!$B:$B,$A10,Detalle!$D:$D,N$4)<=0,IF(N10>0,"▲ nuevo","="),IF(N10>SUMIFS(Detalle!$H:$H,Detalle!$A:$A,$B$3,Detalle!$B:$B,$A10,Detalle!$D:$D,N$4),"▲",IF(N10<SUMIFS(Detalle!$H:$H,Detalle!$A:$A,$B$3,Detalle!$B:$B,$A10,Detalle!$D:$D,N$4),"▼","="))&" "&TEXT((N10-SUMIFS(Detalle!$H:$H,Detalle!$A:$A,$B$3,Detalle!$B:$B,$A10,Detalle!$D:$D,N$4))/SUMIFS(Detalle!$H:$H,Detalle!$A:$A,$B$3,Detalle!$B:$B,$A10,Detalle!$D:$D,N$4),"0.0%")) -> ▲ 3.9% | P10: =SUMIFS(Detalle!$G:$G,Detalle!$A:$A,$B$3,Detalle!$B:$B,$A10,Detalle!$D:$D,P$4) -> 1121146.1 | Q10: =IF(SUMIFS(Detalle!$H:$H,Detalle!$A:$A,$B$3,Detalle!$B:$B,$A10,Detalle!$D:$D,P$4)<=0,IF(P10>0,"▲ nuevo","="),IF(P10>SUMIFS(Detalle!$H:$H,Detalle!$A:$A,$B$3,Detalle!$B:$B,$A10,Detalle!$D:$D,P$4),"▲",IF(P10<SUMIFS(Detalle!$H:$H,Detalle!$A:$A,$B$3,Detalle!$B:$B,$A10,Detalle!$D:$D,P$4),"▼","="))&" "&TEXT((P10-SUMIFS(Detalle!$H:$H,Detalle!$A:$A,$B$3,Detalle!$B:$B,$A10,Detalle!$D:$D,P$4))/SUMIFS(Detalle!$H:$H,Detalle!$A:$A,$B$3,Detalle!$B:$B,$A10,Detalle!$D:$D,P$4),"0.0%")) -> ▼ -1.8%
A11: Eliezer Martinez (DN) | B11: =SUMIFS(Detalle!$G:$G,Detalle!$A:$A,$B$3,Detalle!$B:$B,$A11,Detalle!$D:$D,B$4) -> 914462.93 | C11: =IF(SUMIFS(Detalle!$H:$H,Detalle!$A:$A,$B$3,Detalle!$B:$B,$A11,Detalle!$D:$D,B$4)<=0,IF(B11>0,"▲ nuevo","="),IF(B11>SUMIFS(Detalle!$H:$H,Detalle!$A:$A,$B$3,Detalle!$B:$B,$A11,Detalle!$D:$D,B$4),"▲",IF(B11<SUMIFS(Detalle!$H:$H,Detalle!$A:$A,$B$3,Detalle!$B:$B,$A11,Detalle!$D:$D,B$4),"▼","="))&" "&TEXT((B11-SUMIFS(Detalle!$H:$H,Detalle!$A:$A,$B$3,Detalle!$B:$B,$A11,Detalle!$D:$D,B$4))/SUMIFS(Detalle!$H:$H,Detalle!$A:$A,$B$3,Detalle!$B:$B,$A11,Detalle!$D:$D,B$4),"0.0%")) -> ▼ -6.8% | D11: =SUMIFS(Detalle!$G:$G,Detalle!$A:$A,$B$3,Detalle!$B:$B,$A11,Detalle!$D:$D,D$4) -> 1003470.9 | E11: =IF(SUMIFS(Detalle!$H:$H,Detalle!$A:$A,$B$3,Detalle!$B:$B,$A11,Detalle!$D:$D,D$4)<=0,IF(D11>0,"▲ nuevo","="),IF(D11>SUMIFS(Detalle!$H:$H,Detalle!$A:$A,$B$3,Detalle!$B:$B,$A11,Detalle!$D:$D,D$4),"▲",IF(D11<SUMIFS(Detalle!$H:$H,Detalle!$A:$A,$B$3,Detalle!$B:$B,$A11,Detalle!$D:$D,D$4),"▼","="))&" "&TEXT((D11-SUMIFS(Detalle!$H:$H,Detalle!$A:$A,$B$3,Detalle!$B:$B,$A11,Detalle!$D:$D,D$4))/SUMIFS(Detalle!$H:$H,Detalle!$A:$A,$B$3,Detalle!$B:$B,$A11,Detalle!$D:$D,D$4),"0.0%")) -> ▲ 9.7% | F11: =SUMIFS(Detalle!$G:$G,Detalle!$A:$A,$B$3,Detalle!$B:$B,$A11,Detalle!$D:$D,F$4) -> 1019085.5 | G11: =IF(SUMIFS(Detalle!$H:$H,Detalle!$A:$A,$B$3,Detalle!$B:$B,$A11,Detalle!$D:$D,F$4)<=0,IF(F11>0,"▲ nuevo","="),IF(F11>SUMIFS(Detalle!$H:$H,Detalle!$A:$A,$B$3,Detalle!$B:$B,$A11,Detalle!$D:$D,F$4),"▲",IF(F11<SUMIFS(Detalle!$H:$H,Detalle!$A:$A,$B$3,Detalle!$B:$B,$A11,Detalle!$D:$D,F$4),"▼","="))&" "&TEXT((F11-SUMIFS(Detalle!$H:$H,Detalle!$A:$A,$B$3,Detalle!$B:$B,$A11,Detalle!$D:$D,F$4))/SUMIFS(Detalle!$H:$H,Detalle!$A:$A,$B$3,Detalle!$B:$B,$A11,Detalle!$D:$D,F$4),"0.0%")) -> ▲ 1.6% | H11: =SUMIFS(Detalle!$G:$G,Detalle!$A:$A,$B$3,Detalle!$B:$B,$A11,Detalle!$D:$D,H$4) -> 1007041.1 | I11: =IF(SUMIFS(Detalle!$H:$H,Detalle!$A:$A,$B$3,Detalle!$B:$B,$A11,Detalle!$D:$D,H$4)<=0,IF(H11>0,"▲ nuevo","="),IF(H11>SUMIFS(Detalle!$H:$H,Detalle!$A:$A,$B$3,Detalle!$B:$B,$A11,Detalle!$D:$D,H$4),"▲",IF(H11<SUMIFS(Detalle!$H:$H,Detalle!$A:$A,$B$3,Detalle!$B:$B,$A11,Detalle!$D:$D,H$4),"▼","="))&" "&TEXT((H11-SUMIFS(Detalle!$H:$H,Detalle!$A:$A,$B$3,Detalle!$B:$B,$A11,Detalle!$D:$D,H$4))/SUMIFS(Detalle!$H:$H,Detalle!$A:$A,$B$3,Detalle!$B:$B,$A11,Detalle!$D:$D,H$4),"0.0%")) -> ▼ -1.2% | J11: =SUMIFS(Detalle!$G:$G,Detalle!$A:$A,$B$3,Detalle!$B:$B,$A11,Detalle!$D:$D,J$4) -> 950019.58 | K11: =IF(SUMIFS(Detalle!$H:$H,Detalle!$A:$A,$B$3,Detalle!$B:$B,$A11,Detalle!$D:$D,J$4)<=0,IF(J11>0,"▲ nuevo","="),IF(J11>SUMIFS(Detalle!$H:$H,Detalle!$A:$A,$B$3,Detalle!$B:$B,$A11,Detalle!$D:$D,J$4),"▲",IF(J11<SUMIFS(Detalle!$H:$H,Detalle!$A:$A,$B$3,Detalle!$B:$B,$A11,Detalle!$D:$D,J$4),"▼","="))&" "&TEXT((J11-SUMIFS(Detalle!$H:$H,Detalle!$A:$A,$B$3,Detalle!$B:$B,$A11,Detalle!$D:$D,J$4))/SUMIFS(Detalle!$H:$H,Detalle!$A:$A,$B$3,Detalle!$B:$B,$A11,Detalle!$D:$D,J$4),"0.0%")) -> ▼ -5.7% | L11: =SUMIFS(Detalle!$G:$G,Detalle!$A:$A,$B$3,Detalle!$B:$B,$A11,Detalle!$D:$D,L$4) -> 943715.19 | M11: =IF(SUMIFS(Detalle!$H:$H,Detalle!$A:$A,$B$3,Detalle!$B:$B,$A11,Detalle!$D:$D,L$4)<=0,IF(L11>0,"▲ nuevo","="),IF(L11>SUMIFS(Detalle!$H:$H,Detalle!$A:$A,$B$3,Detalle!$B:$B,$A11,Detalle!$D:$D,L$4),"▲",IF(L11<SUMIFS(Detalle!$H:$H,Detalle!$A:$A,$B$3,Detalle!$B:$B,$A11,Detalle!$D:$D,L$4),"▼","="))&" "&TEXT((L11-SUMIFS(Detalle!$H:$H,Detalle!$A:$A,$B$3,Detalle!$B:$B,$A11,Detalle!$D:$D,L$4))/SUMIFS(Detalle!$H:$H,Detalle!$A:$A,$B$3,Detalle!$B:$B,$A11,Detalle!$D:$D,L$4),"0.0%")) -> ▼ -0.7% | N11: =SUMIFS(Detalle!$G:$G,Detalle!$A:$A,$B$3,Detalle!$B:$B,$A11,Detalle!$D:$D,N$4) -> 950875.27 | O11: =IF(SUMIFS(Detalle!$H:$H,Detalle!$A:$A,$B$3,Detalle!$B:$B,$A11,Detalle!$D:$D,N$4)<=0,IF(N11>0,"▲ nuevo","="),IF(N11>SUMIFS(Detalle!$H:$H,Detalle!$A:$A,$B$3,Detalle!$B:$B,$A11,Detalle!$D:$D,N$4),"▲",IF(N11<SUMIFS(Detalle!$H:$H,Detalle!$A:$A,$B$3,Detalle!$B:$B,$A11,Detalle!$D:$D,N$4),"▼","="))&" "&TEXT((N11-SUMIFS(Detalle!$H:$H,Detalle!$A:$A,$B$3,Detalle!$B:$B,$A11,Detalle!$D:$D,N$4))/SUMIFS(Detalle!$H:$H,Detalle!$A:$A,$B$3,Detalle!$B:$B,$A11,Detalle!$D:$D,N$4),"0.0%")) -> ▲ 0.8% | P11: =SUMIFS(Detalle!$G:$G,Detalle!$A:$A,$B$3,Detalle!$B:$B,$A11,Detalle!$D:$D,P$4) -> 952276.3 | Q11: =IF(SUMIFS(Detalle!$H:$H,Detalle!$A:$A,$B$3,Detalle!$B:$B,$A11,Detalle!$D:$D,P$4)<=0,IF(P11>0,"▲ nuevo","="),IF(P11>SUMIFS(Detalle!$H:$H,Detalle!$A:$A,$B$3,Detalle!$B:$B,$A11,Detalle!$D:$D,P$4),"▲",IF(P11<SUMIFS(Detalle!$H:$H,Detalle!$A:$A,$B$3,Detalle!$B:$B,$A11,Detalle!$D:$D,P$4),"▼","="))&" "&TEXT((P11-SUMIFS(Detalle!$H:$H,Detalle!$A:$A,$B$3,Detalle!$B:$B,$A11,Detalle!$D:$D,P$4))/SUMIFS(Detalle!$H:$H,Detalle!$A:$A,$B$3,Detalle!$B:$B,$A11,Detalle!$D:$D,P$4),"0.0%")) -> ▲ 0.1%
A12: Cristiano Perez (Mini Ma | B12: =SUMIFS(Detalle!$G:$G,Detalle!$A:$A,$B$3,Detalle!$B:$B,$A12,Detalle!$D:$D,B$4) -> 87466.73 | C12: =IF(SUMIFS(Detalle!$H:$H,Detalle!$A:$A,$B$3,Detalle!$B:$B,$A12,Detalle!$D:$D,B$4)<=0,IF(B12>0,"▲ nuevo","="),IF(B12>SUMIFS(Detalle!$H:$H,Detalle!$A:$A,$B$3,Detalle!$B:$B,$A12,Detalle!$D:$D,B$4),"▲",IF(B12<SUMIFS(Detalle!$H:$H,Detalle!$A:$A,$B$3,Detalle!$B:$B,$A12,Detalle!$D:$D,B$4),"▼","="))&" "&TEXT((B12-SUMIFS(Detalle!$H:$H,Detalle!$A:$A,$B$3,Detalle!$B:$B,$A12,Detalle!$D:$D,B$4))/SUMIFS(Detalle!$H:$H,Detalle!$A:$A,$B$3,Detalle!$B:$B,$A12,Detalle!$D:$D,B$4),"0.0%")) -> ▼ -17.2% | D12: =SUMIFS(Detalle!$G:$G,Detalle!$A:$A,$B$3,Detalle!$B:$B,$A12,Detalle!$D:$D,D$4) -> 128830.91 | E12: =IF(SUMIFS(Detalle!$H:$H,Detalle!$A:$A,$B$3,Detalle!$B:$B,$A12,Detalle!$D:$D,D$4)<=0,IF(D12>0,"▲ nuevo","="),IF(D12>SUMIFS(Detalle!$H:$H,Detalle!$A:$A,$B$3,Detalle!$B:$B,$A12,Detalle!$D:$D,D$4),"▲",IF(D12<SUMIFS(Detalle!$H:$H,Detalle!$A:$A,$B$3,Detalle!$B:$B,$A12,Detalle!$D:$D,D$4),"▼","="))&" "&TEXT((D12-SUMIFS(Detalle!$H:$H,Detalle!$A:$A,$B$3,Detalle!$B:$B,$A12,Detalle!$D:$D,D$4))/SUMIFS(Detalle!$H:$H,Detalle!$A:$A,$B$3,Detalle!$B:$B,$A12,Detalle!$D:$D,D$4),"0.0%")) -> ▲ 47.3% | F12: =SUMIFS(Detalle!$G:$G,Detalle!$A:$A,$B$3,Detalle!$B:$B,$A12,Detalle!$D:$D,F$4) -> 193894.46 | G12: =IF(SUMIFS(Detalle!$H:$H,Detalle!$A:$A,$B$3,Detalle!$B:$B,$A12,Detalle!$D:$D,F$4)<=0,IF(F12>0,"▲ nuevo","="),IF(F12>SUMIFS(Detalle!$H:$H,Detalle!$A:$A,$B$3,Detalle!$B:$B,$A12,Detalle!$D:$D,F$4),"▲",IF(F12<SUMIFS(Detalle!$H:$H,Detalle!$A:$A,$B$3,Detalle!$B:$B,$A12,Detalle!$D:$D,F$4),"▼","="))&" "&TEXT((F12-SUMIFS(Detalle!$H:$H,Detalle!$A:$A,$B$3,Detalle!$B:$B,$A12,Detalle!$D:$D,F$4))/SUMIFS(Detalle!$H:$H,Detalle!$A:$A,$B$3,Detalle!$B:$B,$A12,Detalle!$D:$D,F$4),"0.0%")) -> ▲ 50.5% | H12: =SUMIFS(Detalle!$G:$G,Detalle!$A:$A,$B$3,Detalle!$B:$B,$A12,Detalle!$D:$D,H$4) -> 141762.85 | I12: =IF(SUMIFS(Detalle!$H:$H,Detalle!$A:$A,$B$3,Detalle!$B:$B,$A12,Detalle!$D:$D,H$4)<=0,IF(H12>0,"▲ nuevo","="),IF(H12>SUMIFS(Detalle!$H:$H,Detalle!$A:$A,$B$3,Detalle!$B:$B,$A12,Detalle!$D:$D,H$4),"▲",IF(H12<SUMIFS(Detalle!$H:$H,Detalle!$A:$A,$B$3,Detalle!$B:$B,$A12,Detalle!$D:$D,H$4),"▼","="))&" "&TEXT((H12-SUMIFS(Detalle!$H:$H,Detalle!$A:$A,$B$3,Detalle!$B:$B,$A12,Detalle!$D:$D,H$4))/SUMIFS(Detalle!$H:$H,Detalle!$A:$A,$B$3,Detalle!$B:$B,$A12,Detalle!$D:$D,H$4),"0.0%")) -> ▼ -26.9% | J12: =SUMIFS(Detalle!$G:$G,Detalle!$A:$A,$B$3,Detalle!$B:$B,$A12,Detalle!$D:$D,J$4) -> 111372.9 | K12: =IF(SUMIFS(Detalle!$H:$H,Detalle!$A:$A,$B$3,Detalle!$B:$B,$A12,Detalle!$D:$D,J$4)<=0,IF(J12>0,"▲ nuevo","="),IF(J12>SUMIFS(Detalle!$H:$H,Detalle!$A:$A,$B$3,Detalle!$B:$B,$A12,Detalle!$D:$D,J$4),"▲",IF(J12<SUMIFS(Detalle!$H:$H,Detalle!$A:$A,$B$3,Detalle!$B:$B,$A12,Detalle!$D:$D,J$4),"▼","="))&" "&TEXT((J12-SUMIFS(Detalle!$H:$H,Detalle!$A:$A,$B$3,Detalle!$B:$B,$A12,Detalle!$D:$D,J$4))/SUMIFS(Detalle!$H:$H,Detalle!$A:$A,$B$3,Detalle!$B:$B,$A12,Detalle!$D:$D,J$4),"0.0%")) -> ▼ -21.4% | L12: =SUMIFS(Detalle!$G:$G,Detalle!$A:$A,$B$3,Detalle!$B:$B,$A12,Detalle!$D:$D,L$4) -> 103891.99 | M12: =IF(SUMIFS(Detalle!$H:$H,Detalle!$A:$A,$B$3,Detalle!$B:$B,$A12,Detalle!$D:$D,L$4)<=0,IF(L12>0,"▲ nuevo","="),IF(L12>SUMIFS(Detalle!$H:$H,Detalle!$A:$A,$B$3,Detalle!$B:$B,$A12,Detalle!$D:$D,L$4),"▲",IF(L12<SUMIFS(Detalle!$H:$H,Detalle!$A:$A,$B$3,Detalle!$B:$B,$A12,Detalle!$D:$D,L$4),"▼","="))&" "&TEXT((L12-SUMIFS(Detalle!$H:$H,Detalle!$A:$A,$B$3,Detalle!$B:$B,$A12,Detalle!$D:$D,L$4))/SUMIFS(Detalle!$H:$H,Detalle!$A:$A,$B$3,Detalle!$B:$B,$A12,Detalle!$D:$D,L$4),"0.0%")) -> ▼ -6.7% | N12: =SUMIFS(Detalle!$G:$G,Detalle!$A:$A,$B$3,Detalle!$B:$B,$A12,Detalle!$D:$D,N$4) -> 140055.94 | O12: =IF(SUMIFS(Detalle!$H:$H,Detalle!$A:$A,$B$3,Detalle!$B:$B,$A12,Detalle!$D:$D,N$4)<=0,IF(N12>0,"▲ nuevo","="),IF(N12>SUMIFS(Detalle!$H:$H,Detalle!$A:$A,$B$3,Detalle!$B:$B,$A12,Detalle!$D:$D,N$4),"▲",IF(N12<SUMIFS(Detalle!$H:$H,Detalle!$A:$A,$B$3,Detalle!$B:$B,$A12,Detalle!$D:$D,N$4),"▼","="))&" "&TEXT((N12-SUMIFS(Detalle!$H:$H,Detalle!$A:$A,$B$3,Detalle!$B:$B,$A12,Detalle!$D:$D,N$4))/SUMIFS(Detalle!$H:$H,Detalle!$A:$A,$B$3,Detalle!$B:$B,$A12,Detalle!$D:$D,N$4),"0.0%")) -> ▲ 34.8% | P12: =SUMIFS(Detalle!$G:$G,Detalle!$A:$A,$B$3,Detalle!$B:$B,$A12,Detalle!$D:$D,P$4) -> 180861.05 | Q12: =IF(SUMIFS(Detalle!$H:$H,Detalle!$A:$A,$B$3,Detalle!$B:$B,$A12,Detalle!$D:$D,P$4)<=0,IF(P12>0,"▲ nuevo","="),IF(P12>SUMIFS(Detalle!$H:$H,Detalle!$A:$A,$B$3,Detalle!$B:$B,$A12,Detalle!$D:$D,P$4),"▲",IF(P12<SUMIFS(Detalle!$H:$H,Detalle!$A:$A,$B$3,Detalle!$B:$B,$A12,Detalle!$D:$D,P$4),"▼","="))&" "&TEXT((P12-SUMIFS(Detalle!$H:$H,Detalle!$A:$A,$B$3,Detalle!$B:$B,$A12,Detalle!$D:$D,P$4))/SUMIFS(Detalle!$H:$H,Detalle!$A:$A,$B$3,Detalle!$B:$B,$A12,Detalle!$D:$D,P$4),"0.0%")) -> ▲ 29.1%
A13: TOTAL MINORISTA | B13: =SUMIFS(Detalle!$G:$G,Detalle!$A:$A,"Total",Detalle!$B:$B,"Minorista",Detalle!$D:$D,B$4) -> 11227031 | C13: =IF(SUMIFS(Detalle!$H:$H,Detalle!$A:$A,"Total",Detalle!$B:$B,"Minorista",Detalle!$D:$D,B$4)<=0,IF(B13>0,"▲ nuevo","="),IF(B13>SUMIFS(Detalle!$H:$H,Detalle!$A:$A,"Total",Detalle!$B:$B,"Minorista",Detalle!$D:$D,B$4),"▲",IF(B13<SUMIFS(Detalle!$H:$H,Detalle!$A:$A,"Total",Detalle!$B:$B,"Minorista",Detalle!$D:$D,B$4),"▼","="))&" "&TEXT((B13-SUMIFS(Detalle!$H:$H,Detalle!$A:$A,"Total",Detalle!$B:$B,"Minorista",Detalle!$D:$D,B$4))/SUMIFS(Detalle!$H:$H,Detalle!$A:$A,"Total",Detalle!$B:$B,"Minorista",Detalle!$D:$D,B$4),"0.0%")) -> ▼ -3.3% | D13: =SUMIFS(Detalle!$G:$G,Detalle!$A:$A,"Total",Detalle!$B:$B,"Minorista",Detalle!$D:$D,D$4) -> 11920827 | E13: =IF(SUMIFS(Detalle!$H:$H,Detalle!$A:$A,"Total",Detalle!$B:$B,"Minorista",Detalle!$D:$D,D$4)<=0,IF(D13>0,"▲ nuevo","="),IF(D13>SUMIFS(Detalle!$H:$H,Detalle!$A:$A,"Total",Detalle!$B:$B,"Minorista",Detalle!$D:$D,D$4),"▲",IF(D13<SUMIFS(Detalle!$H:$H,Detalle!$A:$A,"Total",Detalle!$B:$B,"Minorista",Detalle!$D:$D,D$4),"▼","="))&" "&TEXT((D13-SUMIFS(Detalle!$H:$H,Detalle!$A:$A,"Total",Detalle!$B:$B,"Minorista",Detalle!$D:$D,D$4))/SUMIFS(Detalle!$H:$H,Detalle!$A:$A,"Total",Detalle!$B:$B,"Minorista",Detalle!$D:$D,D$4),"0.0%")) -> ▲ 6.2% | F13: =SUMIFS(Detalle!$G:$G,Detalle!$A:$A,"Total",Detalle!$B:$B,"Minorista",Detalle!$D:$D,F$4) -> 13229334 | G13: =IF(SUMIFS(Detalle!$H:$H,Detalle!$A:$A,"Total",Detalle!$B:$B,"Minorista",Detalle!$D:$D,F$4)<=0,IF(F13>0,"▲ nuevo","="),IF(F13>SUMIFS(Detalle!$H:$H,Detalle!$A:$A,"Total",Detalle!$B:$B,"Minorista",Detalle!$D:$D,F$4),"▲",IF(F13<SUMIFS(Detalle!$H:$H,Detalle!$A:$A,"Total",Detalle!$B:$B,"Minorista",Detalle!$D:$D,F$4),"▼","="))&" "&TEXT((F13-SUMIFS(Detalle!$H:$H,Detalle!$A:$A,"Total",Detalle!$B:$B,"Minorista",Detalle!$D:$D,F$4))/SUMIFS(Detalle!$H:$H,Detalle!$A:$A,"Total",Detalle!$B:$B,"Minorista",Detalle!$D:$D,F$4),"0.0%")) -> ▲ 11.0% | H13: =SUMIFS(Detalle!$G:$G,Detalle!$A:$A,"Total",Detalle!$B:$B,"Minorista",Detalle!$D:$D,H$4) -> 11923421 | I13: =IF(SUMIFS(Detalle!$H:$H,Detalle!$A:$A,"Total",Detalle!$B:$B,"Minorista",Detalle!$D:$D,H$4)<=0,IF(H13>0,"▲ nuevo","="),IF(H13>SUMIFS(Detalle!$H:$H,Detalle!$A:$A,"Total",Detalle!$B:$B,"Minorista",Detalle!$D:$D,H$4),"▲",IF(H13<SUMIFS(Detalle!$H:$H,Detalle!$A:$A,"Total",Detalle!$B:$B,"Minorista",Detalle!$D:$D,H$4),"▼","="))&" "&TEXT((H13-SUMIFS(Detalle!$H:$H,Detalle!$A:$A,"Total",Detalle!$B:$B,"Minorista",Detalle!$D:$D,H$4))/SUMIFS(Detalle!$H:$H,Detalle!$A:$A,"Total",Detalle!$B:$B,"Minorista",Detalle!$D:$D,H$4),"0.0%")) -> ▼ -9.9% | J13: =SUMIFS(Detalle!$G:$G,Detalle!$A:$A,"Total",Detalle!$B:$B,"Minorista",Detalle!$D:$D,J$4) -> 12320136 | K13: =IF(SUMIFS(Detalle!$H:$H,Detalle!$A:$A,"Total",Detalle!$B:$B,"Minorista",Detalle!$D:$D,J$4)<=0,IF(J13>0,"▲ nuevo","="),IF(J13>SUMIFS(Detalle!$H:$H,Detalle!$A:$A,"Total",Detalle!$B:$B,"Minorista",Detalle!$D:$D,J$4),"▲",IF(J13<SUMIFS(Detalle!$H:$H,Detalle!$A:$A,"Total",Detalle!$B:$B,"Minorista",Detalle!$D:$D,J$4),"▼","="))&" "&TEXT((J13-SUMIFS(Detalle!$H:$H,Detalle!$A:$A,"Total",Detalle!$B:$B,"Minorista",Detalle!$D:$D,J$4))/SUMIFS(Detalle!$H:$H,Detalle!$A:$A,"Total",Detalle!$B:$B,"Minorista",Detalle!$D:$D,J$4),"0.0%")) -> ▲ 3.3% | L13: =SUMIFS(Detalle!$G:$G,Detalle!$A:$A,"Total",Detalle!$B:$B,"Minorista",Detalle!$D:$D,L$4) -> 11367430 | M13: =IF(SUMIFS(Detalle!$H:$H,Detalle!$A:$A,"Total",Detalle!$B:$B,"Minorista",Detalle!$D:$D,L$4)<=0,IF(L13>0,"▲ nuevo","="),IF(L13>SUMIFS(Detalle!$H:$H,Detalle!$A:$A,"Total",Detalle!$B:$B,"Minorista",Detalle!$D:$D,L$4),"▲",IF(L13<SUMIFS(Detalle!$H:$H,Detalle!$A:$A,"Total",Detalle!$B:$B,"Minorista",Detalle!$D:$D,L$4),"▼","="))&" "&TEXT((L13-SUMIFS(Detalle!$H:$H,Detalle!$A:$A,"Total",Detalle!$B:$B,"Minorista",Detalle!$D:$D,L$4))/SUMIFS(Detalle!$H:$H,Detalle!$A:$A,"Total",Detalle!$B:$B,"Minorista",Detalle!$D:$D,L$4),"0.0%")) -> ▼ -7.7% | N13: =SUMIFS(Detalle!$G:$G,Detalle!$A:$A,"Total",Detalle!$B:$B,"Minorista",Detalle!$D:$D,N$4) -> 11290560 | O13: =IF(SUMIFS(Detalle!$H:$H,Detalle!$A:$A,"Total",Detalle!$B:$B,"Minorista",Detalle!$D:$D,N$4)<=0,IF(N13>0,"▲ nuevo","="),IF(N13>SUMIFS(Detalle!$H:$H,Detalle!$A:$A,"Total",Detalle!$B:$B,"Minorista",Detalle!$D:$D,N$4),"▲",IF(N13<SUMIFS(Detalle!$H:$H,Detalle!$A:$A,"Total",Detalle!$B:$B,"Minorista",Detalle!$D:$D,N$4),"▼","="))&" "&TEXT((N13-SUMIFS(Detalle!$H:$H,Detalle!$A:$A,"Total",Detalle!$B:$B,"Minorista",Detalle!$D:$D,N$4))/SUMIFS(Detalle!$H:$H,Detalle!$A:$A,"Total",Detalle!$B:$B,"Minorista",Detalle!$D:$D,N$4),"0.0%")) -> ▼ -0.7% | P13: =SUMIFS(Detalle!$G:$G,Detalle!$A:$A,"Total",Detalle!$B:$B,"Minorista",Detalle!$D:$D,P$4) -> 11477013 | Q13: =IF(SUMIFS(Detalle!$H:$H,Detalle!$A:$A,"Total",Detalle!$B:$B,"Minorista",Detalle!$D:$D,P$4)<=0,IF(P13>0,"▲ nuevo","="),IF(P13>SUMIFS(Detalle!$H:$H,Detalle!$A:$A,"Total",Detalle!$B:$B,"Minorista",Detalle!$D:$D,P$4),"▲",IF(P13<SUMIFS(Detalle!$H:$H,Detalle!$A:$A,"Total",Detalle!$B:$B,"Minorista",Detalle!$D:$D,P$4),"▼","="))&" "&TEXT((P13-SUMIFS(Detalle!$H:$H,Detalle!$A:$A,"Total",Detalle!$B:$B,"Minorista",Detalle!$D:$D,P$4))/SUMIFS(Detalle!$H:$H,Detalle!$A:$A,"Total",Detalle!$B:$B,"Minorista",Detalle!$D:$D,P$4),"0.0%")) -> ▲ 1.7%
A14: Control: suma de filas − total (debe ser 0) | B14: =ROUND(SUM(B6:B12)-B13,0) -> 0 | D14: =ROUND(SUM(D6:D12)-D13,0) -> 0 | F14: =ROUND(SUM(F6:F12)-F13,0) -> 0 | H14: =ROUND(SUM(H6:H12)-H13,0) -> 0 | J14: =ROUND(SUM(J6:J12)-J13,0) -> 0 | L14: =ROUND(SUM(L6:L12)-L13,0) -> 0 | N14: =ROUND(SUM(N6:N12)-N13,0) -> 0 | P14: =ROUND(SUM(P6:P12)-P13,0) -> 0

Sheet Suplidor
A1: Ventas semanales por suplidor — Canal Minorista (pedidos)
A2: Monto neto sin ITBIS de pedidos (estatus 2/7/11). Semana lunes–domingo; la última (amarilla) es ESTIMADA: días transcurridos reales + promedio del mismo día de las últimas 4 semanas completas.
A3: Corte (clave en Detalle) | B3: Suplidor
A4: Inicio de semana (lunes) | B4: 46258 | D4: 46265 | F4: 46272 | H4: 46279 | J4: 46286 | L4: 46293 | N4: 46300 | P4: 46307
A5: Suplidor | B5: Sem 35 (24/08) | C5: vs sem. ant. | D5: Sem 36 (31/08) | E5: vs sem. ant. | F5: Sem 37 (07/09) | G5: vs sem. ant. | H5: Sem 38 (14/09) | I5: vs sem. ant. | J5: Sem 39 (21/09) | K5: vs sem. ant. | L5: Sem 40 (28/09) | M5: vs sem. ant. | N5: Sem 41 (05/10) | O5: vs sem. ant. | P5: Sem 42 (12/10) · EST. | Q5: vs sem. ant.
A6: MOLINOS MODERNOS, SA | B6: =SUMIFS(Detalle!$G:$G,Detalle!$A:$A,$B$3,Detalle!$B:$B,$A6,Detalle!$D:$D,B$4) -> 3629995.1 | C6: =IF(SUMIFS(Detalle!$H:$H,Detalle!$A:$A,$B$3,Detalle!$B:$B,$A6,Detalle!$D:$D,B$4)<=0,IF(B6>0,"▲ nuevo","="),IF(B6>SUMIFS(Detalle!$H:$H,Detalle!$A:$A,$B$3,Detalle!$B:$B,$A6,Detalle!$D:$D,B$4),"▲",IF(B6<SUMIFS(Detalle!$H:$H,Detalle!$A:$A,$B$3,Detalle!$B:$B,$A6,Detalle!$D:$D,B$4),"▼","="))&" "&TEXT((B6-SUMIFS(Detalle!$H:$H,Detalle!$A:$A,$B$3,Detalle!$B:$B,$A6,Detalle!$D:$D,B$4))/SUMIFS(Detalle!$H:$H,Detalle!$A:$A,$B$3,Detalle!$B:$B,$A6,Detalle!$D:$D,B$4),"0.0%")) -> ▼ -1.4% | D6: =SUMIFS(Detalle!$G:$G,Detalle!$A:$A,$B$3,Detalle!$B:$B,$A6,Detalle!$D:$D,D$4) -> 4053951.8 | E6: =IF(SUMIFS(Detalle!$H:$H,Detalle!$A:$A,$B$3,Detalle!$B:$B,$A6,Detalle!$D:$D,D$4)<=0,IF(D6>0,"▲ nuevo","="),IF(D6>SUMIFS(Detalle!$H:$H,Detalle!$A:$A,$B$3,Detalle!$B:$B,$A6,Detalle!$D:$D,D$4),"▲",IF(D6<SUMIFS(Detalle!$H:$H,Detalle!$A:$A,$B$3,Detalle!$B:$B,$A6,Detalle!$D:$D,D$4),"▼","="))&" "&TEXT((D6-SUMIFS(Detalle!$H:$H,Detalle!$A:$A,$B$3,Detalle!$B:$B,$A6,Detalle!$D:$D,D$4))/SUMIFS(Detalle!$H:$H,Detalle!$A:$A,$B$3,Detalle!$B:$B,$A6,Detalle!$D:$D,D$4),"0.0%")) -> ▲ 11.7% | F6: =SUMIFS(Detalle!$G:$G,Detalle!$A:$A,$B$3,Detalle!$B:$B,$A6,Detalle!$D:$D,F$4) -> 4639612.3 | G6: =IF(SUMIFS(Detalle!$H:$H,Detalle!$A:$A,$B$3,Detalle!$B:$B,$A6,Detalle!$D:$D,F$4)<=0,IF(F6>0,"▲ nuevo","="),IF(F6>SUMIFS(Detalle!$H:$H,Detalle!$A:$A,$B$3,Detalle!$B:$B,$A6,Detalle!$D:$D,F$4),"▲",IF(F6<SUMIFS(Detalle!$H:$H,Detalle!$A:$A,$B$3,Detalle!$B:$B,$A6,Detalle!$D:$D,F$4),"▼","="))&" "&TEXT((F6-SUMIFS(Detalle!$H:$H,Detalle!$A:$A,$B$3,Detalle!$B:$B,$A6,Detalle!$D:$D,F$4))/SUMIFS(Detalle!$H:$H,Detalle!$A:$A,$B$3,Detalle!$B:$B,$A6,Detalle!$D:$D,F$4),"0.0%")) -> ▲ 14.4% | H6: =SUMIFS(Detalle!$G:$G,Detalle!$A:$A,$B$3,Detalle!$B:$B,$A6,Detalle!$D:$D,H$4) -> 3674509.3 | I6: =IF(SUMIFS(Detalle!$H:$H,Detalle!$A:$A,$B$3,Detalle!$B:$B,$A6,Detalle!$D:$D,H$4)<=0,IF(H6>0,"▲ nuevo","="),IF(H6>SUMIFS(Detalle!$H:$H,Detalle!$A:$A,$B$3,Detalle!$B:$B,$A6,Detalle!$D:$D,H$4),"▲",IF(H6<SUMIFS(Detalle!$H:$H,Detalle!$A:$A,$B$3,Detalle!$B:$B,$A6,Detalle!$D:$D,H$4),"▼","="))&" "&TEXT((H6-SUMIFS(Detalle!$H:$H,Detalle!$A:$A,$B$3,Detalle!$B:$B,$A6,Detalle!$D:$D,H$4))/SUMIFS(Detalle!$H:$H,Detalle!$A:$A,$B$3,Detalle!$B:$B,$A6,Detalle!$D:$D,H$4),"0.0%")) -> ▼ -20.8% | J6: =SUMIFS(Detalle!$G:$G,Detalle!$A:$A,$B$3,Detalle!$B:$B,$A6,Detalle!$D:$D,J$4) -> 3868852.5 | K6: =IF(SUMIFS(Detalle!$H:$H,Detalle!$A:$A,$B$3,Detalle!$B:$B,$A6,Detalle!$D:$D,J$4)<=0,IF(J6>0,"▲ nuevo","="),IF(J6>SUMIFS(Detalle!$H:$H,Detalle!$A:$A,$B$3,Detalle!$B:$B,$A6,Detalle!$D:$D,J$4),"▲",IF(J6<SUMIFS(Detalle!$H:$H,Detalle!$A:$A,$B$3,Detalle!$B:$B,$A6,Detalle!$D:$D,J$4),"▼","="))&" "&TEXT((J6-SUMIFS(Detalle!$H:$H,Detalle!$A:$A,$B$3,Detalle!$B:$B,$A6,Detalle!$D:$D,J$4))/SUMIFS(Detalle!$H:$H,Detalle!$A:$A,$B$3,Detalle!$B:$B,$A6,Detalle!$D:$D,J$4),"0.0%")) -> ▲ 5.3% | L6: =SUMIFS(Detalle!$G:$G,Detalle!$A:$A,$B$3,Detalle!$B:$B,$A6,Detalle!$D:$D,L$4) -> 3463006.3 | M6: =IF(SUMIFS(Detalle!$H:$H,Detalle!$A:$A,$B$3,Detalle!$B:$B,$A6,Detalle!$D:$D,L$4)<=0,IF(L6>0,"▲ nuevo","="),IF(L6>SUMIFS(Detalle!$H:$H,Detalle!$A:$A,$B$3,Detalle!$B:$B,$A6,Detalle!$D:$D,L$4),"▲",IF(L6<SUMIFS(Detalle!$H:$H,Detalle!$A:$A,$B$3,Detalle!$B:$B,$A6,Detalle!$D:$D,L$4),"▼","="))&" "&TEXT((L6-SUMIFS(Detalle!$H:$H,Detalle!$A:$A,$B$3,Detalle!$B:$B,$A6,Detalle!$D:$D,L$4))/SUMIFS(Detalle!$H:$H,Detalle!$A:$A,$B$3,Detalle!$B:$B,$A6,Detalle!$D:$D,L$4),"0.0%")) -> ▼ -10.5% | N6: =SUMIFS(Detalle!$G:$G,Detalle!$A:$A,$B$3,Detalle!$B:$B,$A6,Detalle!$D:$D,N$4) -> 3489262.6 | O6: =IF(SUMIFS(Detalle!$H:$H,Detalle!$A:$A,$B$3,Detalle!$B:$B,$A6,Detalle!$D:$D,N$4)<=0,IF(N6>0,"▲ nuevo","="),IF(N6>SUMIFS(Detalle!$H:$H,Detalle!$A:$A,$B$3,Detalle!$B:$B,$A6,Detalle!$D:$D,N$4),"▲",IF(N6<SUMIFS(Detalle!$H:$H,Detalle!$A:$A,$B$3,Detalle!$B:$B,$A6,Detalle!$D:$D,N$4),"▼","="))&" "&TEXT((N6-SUMIFS(Detalle!$H:$H,Detalle!$A:$A,$B$3,Detalle!$B:$B,$A6,Detalle!$D:$D,N$4))/SUMIFS(Detalle!$H:$H,Detalle!$A:$A,$B$3,Detalle!$B:$B,$A6,Detalle!$D:$D,N$4),"0.0%")) -> ▲ 0.8% | P6: =SUMIFS(Detalle!$G:$G,Detalle!$A:$A,$B$3,Detalle!$B:$B,$A6,Detalle!$D:$D,P$4) -> 3539640.5 | Q6: =IF(SUMIFS(Detalle!$H:$H,Detalle!$A:$A,$B$3,Detalle!$B:$B,$A6,Detalle!$D:$D,P$4)<=0,IF(P6>0,"▲ nuevo","="),IF(P6>SUMIFS(Detalle!$H:$H,Detalle!$A:$A,$B$3,Detalle!$B:$B,$A6,Detalle!$D:$D,P$4),"▲",IF(P6<SUMIFS(Detalle!$H:$H,Detalle!$A:$A,$B$3,Detalle!$B:$B,$A6,Detalle!$D:$D,P$4),"▼","="))&" "&TEXT((P6-SUMIFS(Detalle!$H:$H,Detalle!$A:$A,$B$3,Detalle!$B:$B,$A6,Detalle!$D:$D,P$4))/SUMIFS(Detalle!$H:$H,Detalle!$A:$A,$B$3,Detalle!$B:$B,$A6,Detalle!$D:$D,P$4),"0.0%")) -> ▲ 1.4%
A7: Continental de Negocios | B7: =SUMIFS(Detalle!$G:$G,Detalle!$A:$A,$B$3,Detalle!$B:$B,$A7,Detalle!$D:$D,B$4) -> 3063991.3 | C7: =IF(SUMIFS(Detalle!$H:$H,Detalle!$A:$A,$B$3,Detalle!$B:$B,$A7,Detalle!$D:$D,B$4)<=0,IF(B7>0,"▲ nuevo","="),IF(B7>SUMIFS(Detalle!$H:$H,Detalle!$A:$A,$B$3,Detalle!$B:$B,$A7,Detalle!$D:$D,B$4),"▲",IF(B7<SUMIFS(Detalle!$H:$H,Detalle!$A:$A,$B$3,Detalle!$B:$B,$A7,Detalle!$D:$D,B$4),"▼","="))&" "&TEXT((B7-SUMIFS(Detalle!$H:$H,Detalle!$A:$A,$B$3,Detalle!$B:$B,$A7,Detalle!$D:$D,B$4))/SUMIFS(Detalle!$H:$H,Detalle!$A:$A,$B$3,Detalle!$B:$B,$A7,Detalle!$D:$D,B$4),"0.0%")) -> ▲ 5.0% | D7: =SUMIFS(Detalle!$G:$G,Detalle!$A:$A,$B$3,Detalle!$B:$B,$A7,Detalle!$D:$D,D$4) -> 3015517.9 | E7: =IF(SUMIFS(Detalle!$H:$H,Detalle!$A:$A,$B$3,Detalle!$B:$B,$A7,Detalle!$D:$D,D$4)<=0,IF(D7>0,"▲ nuevo","="),IF(D7>SUMIFS(Detalle!$H:$H,Detalle!$A:$A,$B$3,Detalle!$B:$B,$A7,Detalle!$D:$D,D$4),"▲",IF(D7<SUMIFS(Detalle!$H:$H,Detalle!$A:$A,$B$3,Detalle!$B:$B,$A7,Detalle!$D:$D,D$4),"▼","="))&" "&TEXT((D7-SUMIFS(Detalle!$H:$H,Detalle!$A:$A,$B$3,Detalle!$B:$B,$A7,Detalle!$D:$D,D$4))/SUMIFS(Detalle!$H:$H,Detalle!$A:$A,$B$3,Detalle!$B:$B,$A7,Detalle!$D:$D,D$4),"0.0%")) -> ▼ -1.6% | F7: =SUMIFS(Detalle!$G:$G,Detalle!$A:$A,$B$3,Detalle!$B:$B,$A7,Detalle!$D:$D,F$4) -> 3406802.7 | G7: =IF(SUMIFS(Detalle!$H:$H,Detalle!$A:$A,$B$3,Detalle!$B:$B,$A7,Detalle!$D:$D,F$4)<=0,IF(F7>0,"▲ nuevo","="),IF(F7>SUMIFS(Detalle!$H:$H,Detalle!$A:$A,$B$3,Detalle!$B:$B,$A7,Detalle!$D:$D,F$4),"▲",IF(F7<SUMIFS(Detalle!$H:$H,Detalle!$A:$A,$B$3,Detalle!$B:$B,$A7,Detalle!$D:$D,F$4),"▼","="))&" "&TEXT((F7-SUMIFS(Detalle!$H:$H,Detalle!$A:$A,$B$3,Detalle!$B:$B,$A7,Detalle!$D:$D,F$4))/SUMIFS(Detalle!$H:$H,Detalle!$A:$A,$B$3,Detalle!$B:$B,$A7,Detalle!$D:$D,F$4),"0.0%")) -> ▲ 13.0% | H7: =SUMIFS(Detalle!$G:$G,Detalle!$A:$A,$B$3,Detalle!$B:$B,$A7,Detalle!$D:$D,H$4) -> 3306385.4 | I7: =IF(SUMIFS(Detalle!$H:$H,Detalle!$A:$A,$B$3,Detalle!$B:$B,$A7,Detalle!$D:$D,H$4)<=0,IF(H7>0,"▲ nuevo","="),IF(H7>SUMIFS(Detalle!$H:$H,Detalle!$A:$A,$B$3,Detalle!$B:$B,$A7,Detalle!$D:$D,H$4),"▲",IF(H7<SUMIFS(Detalle!$H:$H,Detalle!$A:$A,$B$3,Detalle!$B:$B,$A7,Detalle!$D:$D,H$4),"▼","="))&" "&TEXT((H7-SUMIFS(Detalle!$H:$H,Detalle!$A:$A,$B$3,Detalle!$B:$B,$A7,Detalle!$D:$D,H$4))/SUMIFS(Detalle!$H:$H,Detalle!$A:$A,$B$3,Detalle!$B:$B,$A7,Detalle!$D:$D,H$4),"0.0%")) -> ▼ -2.9% | J7: =SUMIFS(Detalle!$G:$G,Detalle!$A:$A,$B$3,Detalle!$B:$B,$A7,Detalle!$D:$D,J$4) -> 3600451 | K7: =IF(SUMIFS(Detalle!$H:$H,Detalle!$A:$A,$B$3,Detalle!$B:$B,$A7,Detalle!$D:$D,J$4)<=0,IF(J7>0,"▲ nuevo","="),IF(J7>SUMIFS(Detalle!$H:$H,Detalle!$A:$A,$B$3,Detalle!$B:$B,$A7,Detalle!$D:$D,J$4),"▲",IF(J7<SUMIFS(Detalle!$H:$H,Detalle!$A:$A,$B$3,Detalle!$B:$B,$A7,Detalle!$D:$D,J$4),"▼","="))&" "&TEXT((J7-SUMIFS(Detalle!$H:$H,Detalle!$A:$A,$B$3,Detalle!$B:$B,$A7,Detalle!$D:$D,J$4))/SUMIFS(Detalle!$H:$H,Detalle!$A:$A,$B$3,Detalle!$B:$B,$A7,Detalle!$D:$D,J$4),"0.0%")) -> ▲ 8.9% | L7: =SUMIFS(Detalle!$G:$G,Detalle!$A:$A,$B$3,Detalle!$B:$B,$A7,Detalle!$D:$D,L$4) -> 3258032 | M7: =IF(SUMIFS(Detalle!$H:$H,Detalle!$A:$A,$B$3,Detalle!$B:$B,$A7,Detalle!$D:$D,L$4)<=0,IF(L7>0,"▲ nuevo","="),IF(L7>SUMIFS(Detalle!$H:$H,Detalle!$A:$A,$B$3,Detalle!$B:$B,$A7,Detalle!$D:$D,L$4),"▲",IF(L7<SUMIFS(Detalle!$H:$H,Detalle!$A:$A,$B$3,Detalle!$B:$B,$A7,Detalle!$D:$D,L$4),"▼","="))&" "&TEXT((L7-SUMIFS(Detalle!$H:$H,Detalle!$A:$A,$B$3,Detalle!$B:$B,$A7,Detalle!$D:$D,L$4))/SUMIFS(Detalle!$H:$H,Detalle!$A:$A,$B$3,Detalle!$B:$B,$A7,Detalle!$D:$D,L$4),"0.0%")) -> ▼ -9.5% | N7: =SUMIFS(Detalle!$G:$G,Detalle!$A:$A,$B$3,Detalle!$B:$B,$A7,Detalle!$D:$D,N$4) -> 3007381.4 | O7: =IF(SUMIFS(Detalle!$H:$H,Detalle!$A:$A,$B$3,Detalle!$B:$B,$A7,Detalle!$D:$D,N$4)<=0,IF(N7>0,"▲ nuevo","="),IF(N7>SUMIFS(Detalle!$H:$H,Detalle!$A:$A,$B$3,Detalle!$B:$B,$A7,Detalle!$D:$D,N$4),"▲",IF(N7<SUMIFS(Detalle!$H:$H,Detalle!$A:$A,$B$3,Detalle!$B:$B,$A7,Detalle!$D:$D,N$4),"▼","="))&" "&TEXT((N7-SUMIFS(Detalle!$H:$H,Detalle!$A:$A,$B$3,Detalle!$B:$B,$A7,Detalle!$D:$D,N$4))/SUMIFS(Detalle!$H:$H,Detalle!$A:$A,$B$3,Detalle!$B:$B,$A7,Detalle!$D:$D,N$4),"0.0%")) -> ▼ -7.7% | P7: =SUMIFS(Detalle!$G:$G,Detalle!$A:$A,$B$3,Detalle!$B:$B,$A7,Detalle!$D:$D,P$4) -> 3197845 | Q7: =IF(SUMIFS(Detalle!$H:$H,Detalle!$A:$A,$B$3,Detalle!$B:$B,$A7,Detalle!$D:$D,P$4)<=0,IF(P7>0,"▲ nuevo","="),IF(P7>SUMIFS(Detalle!$H:$H,Detalle!$A:$A,$B$3,Detalle!$B:$B,$A7,Detalle!$D:$D,P$4),"▲",IF(P7<SUMIFS(Detalle!$H:$H,Detalle!$A:$A,$B$3,Detalle!$B:$B,$A7,Detalle!$D:$D,P$4),"▼","="))&" "&TEXT((P7-SUMIFS(Detalle!$H:$H,Detalle!$A:$A,$B$3,Detalle!$B:$B,$A7,Detalle!$D:$D,P$4))/SUMIFS(Detalle!$H:$H,Detalle!$A:$A,$B$3,Detalle!$B:$B,$A7,Detalle!$D:$D,P$4),"0.0%")) -> ▲ 6.3%
A8: COLOMBINA | B8: =SUMIFS(Detalle!$G:$G,Detalle!$A:$A,$B$3,Detalle!$B:$B,$A8,Detalle!$D:$D,B$4) -> 1407495.8 | C8: =IF(SUMIFS(Detalle!$H:$H,Detalle!$A:$A,$B$3,Detalle!$B:$B,$A8,Detalle!$D:$D,B$4)<=0,IF(B8>0,"▲ nuevo","="),IF(B8>SUMIFS(Detalle!$H:$H,Detalle!$A:$A,$B$3,Detalle!$B:$B,$A8,Detalle!$D:$D,B$4),"▲",IF(B8<SUMIFS(Detalle!$H:$H,Detalle!$A:$A,$B$3,Detalle!$B:$B,$A8,Detalle!$D:$D,B$4),"▼","="))&" "&TEXT((B8-SUMIFS(Detalle!$H:$H,Detalle!$A:$A,$B$3,Detalle!$B:$B,$A8,Detalle!$D:$D,B$4))/SUMIFS(Detalle!$H:$H,Detalle!$A:$A,$B$3,Detalle!$B:$B,$A8,Detalle!$D:$D,B$4),"0.0%")) -> ▼ -10.2% | D8: =SUMIFS(Detalle!$G:$G,Detalle!$A:$A,$B$3,Detalle!$B:$B,$A8,Detalle!$D:$D,D$4) -> 1435803.2 | E8: =IF(SUMIFS(Detalle!$H:$H,Detalle!$A:$A,$B$3,Detalle!$B:$B,$A8,Detalle!$D:$D,D$4)<=0,IF(D8>0,"▲ nuevo","="),IF(D8>SUMIFS(Detalle!$H:$H,Detalle!$A:$A,$B$3,Detalle!$B:$B,$A8,Detalle!$D:$D,D$4),"▲",IF(D8<SUMIFS(Detalle!$H:$H,Detalle!$A:$A,$B$3,Detalle!$B:$B,$A8,Detalle!$D:$D,D$4),"▼","="))&" "&TEXT((D8-SUMIFS(Detalle!$H:$H,Detalle!$A:$A,$B$3,Detalle!$B:$B,$A8,Detalle!$D:$D,D$4))/SUMIFS(Detalle!$H:$H,Detalle!$A:$A,$B$3,Detalle!$B:$B,$A8,Detalle!$D:$D,D$4),"0.0%")) -> ▲ 2.0% | F8: =SUMIFS(Detalle!$G:$G,Detalle!$A:$A,$B$3,Detalle!$B:$B,$A8,Detalle!$D:$D,F$4) -> 1553876.7 | G8: =IF(SUMIFS(Detalle!$H:$H,Detalle!$A:$A,$B$3,Detalle!$B:$B,$A8,Detalle!$D:$D,F$4)<=0,IF(F8>0,"▲ nuevo","="),IF(F8>SUMIFS(Detalle!$H:$H,Detalle!$A:$A,$B$3,Detalle!$B:$B,$A8,Detalle!$D:$D,F$4),"▲",IF(F8<SUMIFS(Detalle!$H:$H,Detalle!$A:$A,$B$3,Detalle!$B:$B,$A8,Detalle!$D:$D,F$4),"▼","="))&" "&TEXT((F8-SUMIFS(Detalle!$H:$H,Detalle!$A:$A,$B$3,Detalle!$B:$B,$A8,Detalle!$D:$D,F$4))/SUMIFS(Detalle!$H:$H,Detalle!$A:$A,$B$3,Detalle!$B:$B,$A8,Detalle!$D:$D,F$4),"0.0%")) -> ▲ 8.2% | H8: =SUMIFS(Detalle!$G:$G,Detalle!$A:$A,$B$3,Detalle!$B:$B,$A8,Detalle!$D:$D,H$4) -> 1456983.2 | I8: =IF(SUMIFS(Detalle!$H:$H,Detalle!$A:$A,$B$3,Detalle!$B:$B,$A8,Detalle!$D:$D,H$4)<=0,IF(H8>0,"▲ nuevo","="),IF(H8>SUMIFS(Detalle!$H:$H,Detalle!$A:$A,$B$3,Detalle!$B:$B,$A8,Detalle!$D:$D,H$4),"▲",IF(H8<SUMIFS(Detalle!$H:$H,Detalle!$A:$A,$B$3,Detalle!$B:$B,$A8,Detalle!$D:$D,H$4),"▼","="))&" "&TEXT((H8-SUMIFS(Detalle!$H:$H,Detalle!$A:$A,$B$3,Detalle!$B:$B,$A8,Detalle!$D:$D,H$4))/SUMIFS(Detalle!$H:$H,Detalle!$A:$A,$B$3,Detalle!$B:$B,$A8,Detalle!$D:$D,H$4),"0.0%")) -> ▼ -6.2% | J8: =SUMIFS(Detalle!$G:$G,Detalle!$A:$A,$B$3,Detalle!$B:$B,$A8,Detalle!$D:$D,J$4) -> 1334457.6 | K8: =IF(SUMIFS(Detalle!$H:$H,Detalle!$A:$A,$B$3,Detalle!$B:$B,$A8,Detalle!$D:$D,J$4)<=0,IF(J8>0,"▲ nuevo","="),IF(J8>SUMIFS(Detalle!$H:$H,Detalle!$A:$A,$B$3,Detalle!$B:$B,$A8,Detalle!$D:$D,J$4),"▲",IF(J8<SUMIFS(Detalle!$H:$H,Detalle!$A:$A,$B$3,Detalle!$B:$B,$A8,Detalle!$D:$D,J$4),"▼","="))&" "&TEXT((J8-SUMIFS(Detalle!$H:$H,Detalle!$A:$A,$B$3,Detalle!$B:$B,$A8,Detalle!$D:$D,J$4))/SUMIFS(Detalle!$H:$H,Detalle!$A:$A,$B$3,Detalle!$B:$B,$A8,Detalle!$D:$D,J$4),"0.0%")) -> ▼ -8.4% | L8: =SUMIFS(Detalle!$G:$G,Detalle!$A:$A,$B$3,Detalle!$B:$B,$A8,Detalle!$D:$D,L$4) -> 1282812.9 | M8: =IF(SUMIFS(Detalle!$H:$H,Detalle!$A:$A,$B$3,Detalle!$B:$B,$A8,Detalle!$D:$D,L$4)<=0,IF(L8>0,"▲ nuevo","="),IF(L8>SUMIFS(Detalle!$H:$H,Detalle!$A:$A,$B$3,Detalle!$B:$B,$A8,Detalle!$D:$D,L$4),"▲",IF(L8<SUMIFS(Detalle!$H:$H,Detalle!$A:$A,$B$3,Detalle!$B:$B,$A8,Detalle!$D:$D,L$4),"▼","="))&" "&TEXT((L8-SUMIFS(Detalle!$H:$H,Detalle!$A:$A,$B$3,Detalle!$B:$B,$A8,Detalle!$D:$D,L$4))/SUMIFS(Detalle!$H:$H,Detalle!$A:$A,$B$3,Detalle!$B:$B,$A8,Detalle!$D:$D,L$4),"0.0%")) -> ▼ -3.9% | N8: =SUMIFS(Detalle!$G:$G,Detalle!$A:$A,$B$3,Detalle!$B:$B,$A8,Detalle!$D:$D,N$4) -> 1227939.5 | O8: =IF(SUMIFS(Detalle!$H:$H,Detalle!$A:$A,$B$3,Detalle!$B:$B,$A8,Detalle!$D:$D,N$4)<=0,IF(N8>0,"▲ nuevo","="),IF(N8>SUMIFS(Detalle!$H:$H,Detalle!$A:$A,$B$3,Detalle!$B:$B,$A8,Detalle!$D:$D,N$4),"▲",IF(N8<SUMIFS(Detalle!$H:$H,Detalle!$A:$A,$B$3,Detalle!$B:$B,$A8,Detalle!$D:$D,N$4),"▼","="))&" "&TEXT((N8-SUMIFS(Detalle!$H:$H,Detalle!$A:$A,$B$3,Detalle!$B:$B,$A8,Detalle!$D:$D,N$4))/SUMIFS(Detalle!$H:$H,Detalle!$A:$A,$B$3,Detalle!$B:$B,$A8,Detalle!$D:$D,N$4),"0.0%")) -> ▼ -4.3% | P8: =SUMIFS(Detalle!$G:$G,Detalle!$A:$A,$B$3,Detalle!$B:$B,$A8,Detalle!$D:$D,P$4) -> 1255224.2 | Q8: =IF(SUMIFS(Detalle!$H:$H,Detalle!$A:$A,$B$3,Detalle!$B:$B,$A8,Detalle!$D:$D,P$4)<=0,IF(P8>0,"▲ nuevo","="),IF(P8>SUMIFS(Detalle!$H:$H,Detalle!$A:$A,$B$3,Detalle!$B:$B,$A8,Detalle!$D:$D,P$4),"▲",IF(P8<SUMIFS(Detalle!$H:$H,Detalle!$A:$A,$B$3,Detalle!$B:$B,$A8,Detalle!$D:$D,P$4),"▼","="))&" "&TEXT((P8-SUMIFS(Detalle!$H:$H,Detalle!$A:$A,$B$3,Detalle!$B:$B,$A8,Detalle!$D:$D,P$4))/SUMIFS(Detalle!$H:$H,Detalle!$A:$A,$B$3,Detalle!$B:$B,$A8,Detalle!$D:$D,P$4),"0.0%")) -> ▲ 2.2%
A9: Brinsa Dominicana | B9: =SUMIFS(Detalle!$G:$G,Detalle!$A:$A,$B$3,Detalle!$B:$B,$A9,Detalle!$D:$D,B$4) -> 1255463.9 | C9: =IF(SUMIFS(Detalle!$H:$H,Detalle!$A:$A,$B$3,Detalle!$B:$B,$A9,Detalle!$D:$D,B$4)<=0,IF(B9>0,"▲ nuevo","="),IF(B9>SUMIFS(Detalle!$H:$H,Detalle!$A:$A,$B$3,Detalle!$B:$B,$A9,Detalle!$D:$D,B$4),"▲",IF(B9<SUMIFS(Detalle!$H:$H,Detalle!$A:$A,$B$3,Detalle!$B:$B,$A9,Detalle!$D:$D,B$4),"▼","="))&" "&TEXT((B9-SUMIFS(Detalle!$H:$H,Detalle!$A:$A,$B$3,Detalle!$B:$B,$A9,Detalle!$D:$D,B$4))/SUMIFS(Detalle!$H:$H,Detalle!$A:$A,$B$3,Detalle!$B:$B,$A9,Detalle!$D:$D,B$4),"0.0%")) -> ▼ -3.1% | D9: =SUMIFS(Detalle!$G:$G,Detalle!$A:$A,$B$3,Detalle!$B:$B,$A9,Detalle!$D:$D,D$4) -> 1238490.2 | E9: =IF(SUMIFS(Detalle!$H:$H,Detalle!$A:$A,$B$3,Detalle!$B:$B,$A9,Detalle!$D:$D,D$4)<=0,IF(D9>0,"▲ nuevo","="),IF(D9>SUMIFS(Detalle!$H:$H,Detalle!$A:$A,$B$3,Detalle!$B:$B,$A9,Detalle!$D:$D,D$4),"▲",IF(D9<SUMIFS(Detalle!$H:$H,Detalle!$A:$A,$B$3,Detalle!$B:$B,$A9,Detalle!$D:$D,D$4),"▼","="))&" "&TEXT((D9-SUMIFS(Detalle!$H:$H,Detalle!$A:$A,$B$3,Detalle!$B:$B,$A9,Detalle!$D:$D,D$4))/SUMIFS(Detalle!$H:$H,Detalle!$A:$A,$B$3,Detalle!$B:$B,$A9,Detalle!$D:$D,D$4),"0.0%")) -> ▼ -1.4% | F9: =SUMIFS(Detalle!$G:$G,Detalle!$A:$A,$B$3,Detalle!$B:$B,$A9,Detalle!$D:$D,F$4) -> 1327700.9 | G9: =IF(SUMIFS(Detalle!$H:$H,Detalle!$A:$A,$B$3,Detalle!$B:$B,$A9,Detalle!$D:$D,F$4)<=0,IF(F9>0,"▲ nuevo","="),IF(F9>SUMIFS(Detalle!$H:$H,Detalle!$A:$A,$B$3,Detalle!$B:$B,$A9,Detalle!$D:$D,F$4),"▲",IF(F9<SUMIFS(Detalle!$H:$H,Detalle!$A:$A,$B$3,Detalle!$B:$B,$A9,Detalle!$D:$D,F$4),"▼","="))&" "&TEXT((F9-SUMIFS(Detalle!$H:$H,Detalle!$A:$A,$B$3,Detalle!$B:$B,$A9,Detalle!$D:$D,F$4))/SUMIFS(Detalle!$H:$H,Detalle!$A:$A,$B$3,Detalle!$B:$B,$A9,Detalle!$D:$D,F$4),"0.0%")) -> ▲ 7.2% | H9: =SUMIFS(Detalle!$G:$G,Detalle!$A:$A,$B$3,Detalle!$B:$B,$A9,Detalle!$D:$D,H$4) -> 1341001.5 | I9: =IF(SUMIFS(Detalle!$H:$H,Detalle!$A:$A,$B$3,Detalle!$B:$B,$A9,Detalle!$D:$D,H$4)<=0,IF(H9>0,"▲ nuevo","="),IF(H9>SUMIFS(Detalle!$H:$H,Detalle!$A:$A,$B$3,Detalle!$B:$B,$A9,Detalle!$D:$D,H$4),"▲",IF(H9<SUMIFS(Detalle!$H:$H,Detalle!$A:$A,$B$3,Detalle!$B:$B,$A9,Detalle!$D:$D,H$4),"▼","="))&" "&TEXT((H9-SUMIFS(Detalle!$H:$H,Detalle!$A:$A,$B$3,Detalle!$B:$B,$A9,Detalle!$D:$D,H$4))/SUMIFS(Detalle!$H:$H,Detalle!$A:$A,$B$3,Detalle!$B:$B,$A9,Detalle!$D:$D,H$4),"0.0%")) -> ▲ 1.0% | J9: =SUMIFS(Detalle!$G:$G,Detalle!$A:$A,$B$3,Detalle!$B:$B,$A9,Detalle!$D:$D,J$4) -> 1339775.1 | K9: =IF(SUMIFS(Detalle!$H:$H,Detalle!$A:$A,$B$3,Detalle!$B:$B,$A9,Detalle!$D:$D,J$4)<=0,IF(J9>0,"▲ nuevo","="),IF(J9>SUMIFS(Detalle!$H:$H,Detalle!$A:$A,$B$3,Detalle!$B:$B,$A9,Detalle!$D:$D,J$4),"▲",IF(J9<SUMIFS(Detalle!$H:$H,Detalle!$A:$A,$B$3,Detalle!$B:$B,$A9,Detalle!$D:$D,J$4),"▼","="))&" "&TEXT((J9-SUMIFS(Detalle!$H:$H,Detalle!$A:$A,$B$3,Detalle!$B:$B,$A9,Detalle!$D:$D,J$4))/SUMIFS(Detalle!$H:$H,Detalle!$A:$A,$B$3,Detalle!$B:$B,$A9,Detalle!$D:$D,J$4),"0.0%")) -> ▼ -0.1% | L9: =SUMIFS(Detalle!$G:$G,Detalle!$A:$A,$B$3,Detalle!$B:$B,$A9,Detalle!$D:$D,L$4) -> 1346351 | M9: =IF(SUMIFS(Detalle!$H:$H,Detalle!$A:$A,$B$3,Detalle!$B:$B,$A9,Detalle!$D:$D,L$4)<=0,IF(L9>0,"▲ nuevo","="),IF(L9>SUMIFS(Detalle!$H:$H,Detalle!$A:$A,$B$3,Detalle!$B:$B,$A9,Detalle!$D:$D,L$4),"▲",IF(L9<SUMIFS(Detalle!$H:$H,Detalle!$A:$A,$B$3,Detalle!$B:$B,$A9,Detalle!$D:$D,L$4),"▼","="))&" "&TEXT((L9-SUMIFS(Detalle!$H:$H,Detalle!$A:$A,$B$3,Detalle!$B:$B,$A9,Detalle!$D:$D,L$4))/SUMIFS(Detalle!$H:$H,Detalle!$A:$A,$B$3,Detalle!$B:$B,$A9,Detalle!$D:$D,L$4),"0.0%")) -> ▲ 0.5% | N9: =SUMIFS(Detalle!$G:$G,Detalle!$A:$A,$B$3,Detalle!$B:$B,$A9,Detalle!$D:$D,N$4) -> 1337987.5 | O9: =IF(SUMIFS(Detalle!$H:$H,Detalle!$A:$A,$B$3,Detalle!$B:$B,$A9,Detalle!$D:$D,N$4)<=0,IF(N9>0,"▲ nuevo","="),IF(N9>SUMIFS(Detalle!$H:$H,Detalle!$A:$A,$B$3,Detalle!$B:$B,$A9,Detalle!$D:$D,N$4),"▲",IF(N9<SUMIFS(Detalle!$H:$H,Detalle!$A:$A,$B$3,Detalle!$B:$B,$A9,Detalle!$D:$D,N$4),"▼","="))&" "&TEXT((N9-SUMIFS(Detalle!$H:$H,Detalle!$A:$A,$B$3,Detalle!$B:$B,$A9,Detalle!$D:$D,N$4))/SUMIFS(Detalle!$H:$H,Detalle!$A:$A,$B$3,Detalle!$B:$B,$A9,Detalle!$D:$D,N$4),"0.0%")) -> ▼ -0.6% | P9: =SUMIFS(Detalle!$G:$G,Detalle!$A:$A,$B$3,Detalle!$B:$B,$A9,Detalle!$D:$D,P$4) -> 1397127.8 | Q9: =IF(SUMIFS(Detalle!$H:$H,Detalle!$A:$A,$B$3,Detalle!$B:$B,$A9,Detalle!$D:$D,P$4)<=0,IF(P9>0,"▲ nuevo","="),IF(P9>SUMIFS(Detalle!$H:$H,Detalle!$A:$A,$B$3,Detalle!$B:$B,$A9,Detalle!$D:$D,P$4),"▲",IF(P9<SUMIFS(Detalle!$H:$H,Detalle!$A:$A,$B$3,Detalle!$B:$B,$A9,Detalle!$D:$D,P$4),"▼","="))&" "&TEXT((P9-SUMIFS(Detalle!$H:$H,Detalle!$A:$A,$B$3,Detalle!$B:$B,$A9,Detalle!$D:$D,P$4))/SUMIFS(Detalle!$H:$H,Detalle!$A:$A,$B$3,Detalle!$B:$B,$A9,Detalle!$D:$D,P$4),"0.0%")) -> ▲ 4.4%
A10: Agua Crystal | B10: =SUMIFS(Detalle!$G:$G,Detalle!$A:$A,$B$3,Detalle!$B:$B,$A10,Detalle!$D:$D,B$4) -> 510678.7 | C10: =IF(SUMIFS(Detalle!$H:$H,Detalle!$A:$A,$B$3,Detalle!$B:$B,$A10,Detalle!$D:$D,B$4)<=0,IF(B10>0,"▲ nuevo","="),IF(B10>SUMIFS(Detalle!$H:$H,Detalle!$A:$A,$B$3,Detalle!$B:$B,$A10,Detalle!$D:$D,B$4),"▲",IF(B10<SUMIFS(Detalle!$H:$H,Detalle!$A:$A,$B$3,Detalle!$B:$B,$A10,Detalle!$D:$D,B$4),"▼","="))&" "&TEXT((B10-SUMIFS(Detalle!$H:$H,Detalle!$A:$A,$B$3,Detalle!$B:$B,$A10,Detalle!$D:$D,B$4))/SUMIFS(Detalle!$H:$H,Detalle!$A:$A,$B$3,Detalle!$B:$B,$A10,Detalle!$D:$D,B$4),"0.0%")) -> ▼ -34.2% | D10: =SUMIFS(Detalle!$G:$G,Detalle!$A:$A,$B$3,Detalle!$B:$B,$A10,Detalle!$D:$D,D$4) -> 922448.47 | E10: =IF(SUMIFS(Detalle!$H:$H,Detalle!$A:$A,$B$3,Detalle!$B:$B,$A10,Detalle!$D:$D,D$4)<=0,IF(D10>0,"▲ nuevo","="),IF(D10>SUMIFS(Detalle!$H:$H,Detalle!$A:$A,$B$3,Detalle!$B:$B,$A10,Detalle!$D:$D,D$4),"▲",IF(D10<SUMIFS(Detalle!$H:$H,Detalle!$A:$A,$B$3,Detalle!$B:$B,$A10,Detalle!$D:$D,D$4),"▼","="))&" "&TEXT((D10-SUMIFS(Detalle!$H:$H,Detalle!$A:$A,$B$3,Detalle!$B:$B,$A10,Detalle!$D:$D,D$4))/SUMIFS(Detalle!$H:$H,Detalle!$A:$A,$B$3,Detalle!$B:$B,$A10,Detalle!$D:$D,D$4),"0.0%")) -> ▲ 80.6% | F10: =SUMIFS(Detalle!$G:$G,Detalle!$A:$A,$B$3,Detalle!$B:$B,$A10,Detalle!$D:$D,F$4) -> 875150.16 | G10: =IF(SUMIFS(Detalle!$H:$H,Detalle!$A:$A,$B$3,Detalle!$B:$B,$A10,Detalle!$D:$D,F$4)<=0,IF(F10>0,"▲ nuevo","="),IF(F10>SUMIFS(Detalle!$H:$H,Detalle!$A:$A,$B$3,Detalle!$B:$B,$A10,Detalle!$D:$D,F$4),"▲",IF(F10<SUMIFS(Detalle!$H:$H,Detalle!$A:$A,$B$3,Detalle!$B:$B,$A10,Detalle!$D:$D,F$4),"▼","="))&" "&TEXT((F10-SUMIFS(Detalle!$H:$H,Detalle!$A:$A,$B$3,Detalle!$B:$B,$A10,Detalle!$D:$D,F$4))/SUMIFS(Detalle!$H:$H,Detalle!$A:$A,$B$3,Detalle!$B:$B,$A10,Detalle!$D:$D,F$4),"0.0%")) -> ▼ -5.1% | H10: =SUMIFS(Detalle!$G:$G,Detalle!$A:$A,$B$3,Detalle!$B:$B,$A10,Detalle!$D:$D,H$4) -> 728494.96 | I10: =IF(SUMIFS(Detalle!$H:$H,Detalle!$A:$A,$B$3,Detalle!$B:$B,$A10,Detalle!$D:$D,H$4)<=0,IF(H10>0,"▲ nuevo","="),IF(H10>SUMIFS(Detalle!$H:$H,Detalle!$A:$A,$B$3,Detalle!$B:$B,$A10,Detalle!$D:$D,H$4),"▲",IF(H10<SUMIFS(Detalle!$H:$H,Detalle!$A:$A,$B$3,Detalle!$B:$B,$A10,Detalle!$D:$D,H$4),"▼","="))&" "&TEXT((H10-SUMIFS(Detalle!$H:$H,Detalle!$A:$A,$B$3,Detalle!$B:$B,$A10,Detalle!$D:$D,H$4))/SUMIFS(Detalle!$H:$H,Detalle!$A:$A,$B$3,Detalle!$B:$B,$A10,Detalle!$D:$D,H$4),"0.0%")) -> ▼ -16.8% | J10: =SUMIFS(Detalle!$G:$G,Detalle!$A:$A,$B$3,Detalle!$B:$B,$A10,Detalle!$D:$D,J$4) -> 758991.52 | K10: =IF(SUMIFS(Detalle!$H:$H,Detalle!$A:$A,$B$3,Detalle!$B:$B,$A10,Detalle!$D:$D,J$4)<=0,IF(J10>0,"▲ nuevo","="),IF(J10>SUMIFS(Detalle!$H:$H,Detalle!$A:$A,$B$3,Detalle!$B:$B,$A10,Detalle!$D:$D,J$4),"▲",IF(J10<SUMIFS(Detalle!$H:$H,Detalle!$A:$A,$B$3,Detalle!$B:$B,$A10,Detalle!$D:$D,J$4),"▼","="))&" "&TEXT((J10-SUMIFS(Detalle!$H:$H,Detalle!$A:$A,$B$3,Detalle!$B:$B,$A10,Detalle!$D:$D,J$4))/SUMIFS(Detalle!$H:$H,Detalle!$A:$A,$B$3,Detalle!$B:$B,$A10,Detalle!$D:$D,J$4),"0.0%")) -> ▲ 4.2% | L10: =SUMIFS(Detalle!$G:$G,Detalle!$A:$A,$B$3,Detalle!$B:$B,$A10,Detalle!$D:$D,L$4) -> 674584.91 | M10: =IF(SUMIFS(Detalle!$H:$H,Detalle!$A:$A,$B$3,Detalle!$B:$B,$A10,Detalle!$D:$D,L$4)<=0,IF(L10>0,"▲ nuevo","="),IF(L10>SUMIFS(Detalle!$H:$H,Detalle!$A:$A,$B$3,Detalle!$B:$B,$A10,Detalle!$D:$D,L$4),"▲",IF(L10<SUMIFS(Detalle!$H:$H,Detalle!$A:$A,$B$3,Detalle!$B:$B,$A10,Detalle!$D:$D,L$4),"▼","="))&" "&TEXT((L10-SUMIFS(Detalle!$H:$H,Detalle!$A:$A,$B$3,Detalle!$B:$B,$A10,Detalle!$D:$D,L$4))/SUMIFS(Detalle!$H:$H,Detalle!$A:$A,$B$3,Detalle!$B:$B,$A10,Detalle!$D:$D,L$4),"0.0%")) -> ▼ -11.1% | N10: =SUMIFS(Detalle!$G:$G,Detalle!$A:$A,$B$3,Detalle!$B:$B,$A10,Detalle!$D:$D,N$4) -> 830450.03 | O10: =IF(SUMIFS(Detalle!$H:$H,Detalle!$A:$A,$B$3,Detalle!$B:$B,$A10,Detalle!$D:$D,N$4)<=0,IF(N10>0,"▲ nuevo","="),IF(N10>SUMIFS(Detalle!$H:$H,Detalle!$A:$A,$B$3,Detalle!$B:$B,$A10,Detalle!$D:$D,N$4),"▲",IF(N10<SUMIFS(Detalle!$H:$H,Detalle!$A:$A,$B$3,Detalle!$B:$B,$A10,Detalle!$D:$D,N$4),"▼","="))&" "&TEXT((N10-SUMIFS(Detalle!$H:$H,Detalle!$A:$A,$B$3,Detalle!$B:$B,$A10,Detalle!$D:$D,N$4))/SUMIFS(Detalle!$H:$H,Detalle!$A:$A,$B$3,Detalle!$B:$B,$A10,Detalle!$D:$D,N$4),"0.0%")) -> ▲ 23.1% | P10: =SUMIFS(Detalle!$G:$G,Detalle!$A:$A,$B$3,Detalle!$B:$B,$A10,Detalle!$D:$D,P$4) -> 677868.76 | Q10: =IF(SUMIFS(Detalle!$H:$H,Detalle!$A:$A,$B$3,Detalle!$B:$B,$A10,Detalle!$D:$D,P$4)<=0,IF(P10>0,"▲ nuevo","="),IF(P10>SUMIFS(Detalle!$H:$H,Detalle!$A:$A,$B$3,Detalle!$B:$B,$A10,Detalle!$D:$D,P$4),"▲",IF(P10<SUMIFS(Detalle!$H:$H,Detalle!$A:$A,$B$3,Detalle!$B:$B,$A10,Detalle!$D:$D,P$4),"▼","="))&" "&TEXT((P10-SUMIFS(Detalle!$H:$H,Detalle!$A:$A,$B$3,Detalle!$B:$B,$A10,Detalle!$D:$D,P$4))/SUMIFS(Detalle!$H:$H,Detalle!$A:$A,$B$3,Detalle!$B:$B,$A10,Detalle!$D:$D,P$4),"0.0%")) -> ▼ -18.4%
A11: DIMAR DOMINICANA | B11: =SUMIFS(Detalle!$G:$G,Detalle!$A:$A,$B$3,Detalle!$B:$B,$A11,Detalle!$D:$D,B$4) -> 496267.88 | C11: =IF(SUMIFS(Detalle!$H:$H,Detalle!$A:$A,$B$3,Detalle!$B:$B,$A11,Detalle!$D:$D,B$4)<=0,IF(B11>0,"▲ nuevo","="),IF(B11>SUMIFS(Detalle!$H:$H,Detalle!$A:$A,$B$3,Detalle!$B:$B,$A11,Detalle!$D:$D,B$4),"▲",IF(B11<SUMIFS(Detalle!$H:$H,Detalle!$A:$A,$B$3,Detalle!$B:$B,$A11,Detalle!$D:$D,B$4),"▼","="))&" "&TEXT((B11-SUMIFS(Detalle!$H:$H,Detalle!$A:$A,$B$3,Detalle!$B:$B,$A11,Detalle!$D:$D,B$4))/SUMIFS(Detalle!$H:$H,Detalle!$A:$A,$B$3,Detalle!$B:$B,$A11,Detalle!$D:$D,B$4),"0.0%")) -> ▼ -3.2% | D11: =SUMIFS(Detalle!$G:$G,Detalle!$A:$A,$B$3,Detalle!$B:$B,$A11,Detalle!$D:$D,D$4) -> 475855.98 | E11: =IF(SUMIFS(Detalle!$H:$H,Detalle!$A:$A,$B$3,Detalle!$B:$B,$A11,Detalle!$D:$D,D$4)<=0,IF(D11>0,"▲ nuevo","="),IF(D11>SUMIFS(Detalle!$H:$H,Detalle!$A:$A,$B$3,Detalle!$B:$B,$A11,Detalle!$D:$D,D$4),"▲",IF(D11<SUMIFS(Detalle!$H:$H,Detalle!$A:$A,$B$3,Detalle!$B:$B,$A11,Detalle!$D:$D,D$4),"▼","="))&" "&TEXT((D11-SUMIFS(Detalle!$H:$H,Detalle!$A:$A,$B$3,Detalle!$B:$B,$A11,Detalle!$D:$D,D$4))/SUMIFS(Detalle!$H:$H,Detalle!$A:$A,$B$3,Detalle!$B:$B,$A11,Detalle!$D:$D,D$4),"0.0%")) -> ▼ -4.1% | F11: =SUMIFS(Detalle!$G:$G,Detalle!$A:$A,$B$3,Detalle!$B:$B,$A11,Detalle!$D:$D,F$4) -> 581676.89 | G11: =IF(SUMIFS(Detalle!$H:$H,Detalle!$A:$A,$B$3,Detalle!$B:$B,$A11,Detalle!$D:$D,F$4)<=0,IF(F11>0,"▲ nuevo","="),IF(F11>SUMIFS(Detalle!$H:$H,Detalle!$A:$A,$B$3,Detalle!$B:$B,$A11,Detalle!$D:$D,F$4),"▲",IF(F11<SUMIFS(Detalle!$H:$H,Detalle!$A:$A,$B$3,Detalle!$B:$B,$A11,Detalle!$D:$D,F$4),"▼","="))&" "&TEXT((F11-SUMIFS(Detalle!$H:$H,Detalle!$A:$A,$B$3,Detalle!$B:$B,$A11,Detalle!$D:$D,F$4))/SUMIFS(Detalle!$H:$H,Detalle!$A:$A,$B$3,Detalle!$B:$B,$A11,Detalle!$D:$D,F$4),"0.0%")) -> ▲ 22.2% | H11: =SUMIFS(Detalle!$G:$G,Detalle!$A:$A,$B$3,Detalle!$B:$B,$A11,Detalle!$D:$D,H$4) -> 551254.97 | I11: =IF(SUMIFS(Detalle!$H:$H,Detalle!$A:$A,$B$3,Detalle!$B:$B,$A11,Detalle!$D:$D,H$4)<=0,IF(H11>0,"▲ nuevo","="),IF(H11>SUMIFS(Detalle!$H:$H,Detalle!$A:$A,$B$3,Detalle!$B:$B,$A11,Detalle!$D:$D,H$4),"▲",IF(H11<SUMIFS(Detalle!$H:$H,Detalle!$A:$A,$B$3,Detalle!$B:$B,$A11,Detalle!$D:$D,H$4),"▼","="))&" "&TEXT((H11-SUMIFS(Detalle!$H:$H,Detalle!$A:$A,$B$3,Detalle!$B:$B,$A11,Detalle!$D:$D,H$4))/SUMIFS(Detalle!$H:$H,Detalle!$A:$A,$B$3,Detalle!$B:$B,$A11,Detalle!$D:$D,H$4),"0.0%")) -> ▼ -5.2% | J11: =SUMIFS(Detalle!$G:$G,Detalle!$A:$A,$B$3,Detalle!$B:$B,$A11,Detalle!$D:$D,J$4) -> 547187.13 | K11: =IF(SUMIFS(Detalle!$H:$H,Detalle!$A:$A,$B$3,Detalle!$B:$B,$A11,Detalle!$D:$D,J$4)<=0,IF(J11>0,"▲ nuevo","="),IF(J11>SUMIFS(Detalle!$H:$H,Detalle!$A:$A,$B$3,Detalle!$B:$B,$A11,Detalle!$D:$D,J$4),"▲",IF(J11<SUMIFS(Detalle!$H:$H,Detalle!$A:$A,$B$3,Detalle!$B:$B,$A11,Detalle!$D:$D,J$4),"▼","="))&" "&TEXT((J11-SUMIFS(Detalle!$H:$H,Detalle!$A:$A,$B$3,Detalle!$B:$B,$A11,Detalle!$D:$D,J$4))/SUMIFS(Detalle!$H:$H,Detalle!$A:$A,$B$3,Detalle!$B:$B,$A11,Detalle!$D:$D,J$4),"0.0%")) -> ▼ -0.7% | L11: =SUMIFS(Detalle!$G:$G,Detalle!$A:$A,$B$3,Detalle!$B:$B,$A11,Detalle!$D:$D,L$4) -> 550495.21 | M11: =IF(SUMIFS(Detalle!$H:$H,Detalle!$A:$A,$B$3,Detalle!$B:$B,$A11,Detalle!$D:$D,L$4)<=0,IF(L11>0,"▲ nuevo","="),IF(L11>SUMIFS(Detalle!$H:$H,Detalle!$A:$A,$B$3,Detalle!$B:$B,$A11,Detalle!$D:$D,L$4),"▲",IF(L11<SUMIFS(Detalle!$H:$H,Detalle!$A:$A,$B$3,Detalle!$B:$B,$A11,Detalle!$D:$D,L$4),"▼","="))&" "&TEXT((L11-SUMIFS(Detalle!$H:$H,Detalle!$A:$A,$B$3,Detalle!$B:$B,$A11,Detalle!$D:$D,L$4))/SUMIFS(Detalle!$H:$H,Detalle!$A:$A,$B$3,Detalle!$B:$B,$A11,Detalle!$D:$D,L$4),"0.0%")) -> ▲ 0.6% | N11: =SUMIFS(Detalle!$G:$G,Detalle!$A:$A,$B$3,Detalle!$B:$B,$A11,Detalle!$D:$D,N$4) -> 604093.47 | O11: =IF(SUMIFS(Detalle!$H:$H,Detalle!$A:$A,$B$3,Detalle!$B:$B,$A11,Detalle!$D:$D,N$4)<=0,IF(N11>0,"▲ nuevo","="),IF(N11>SUMIFS(Detalle!$H:$H,Detalle!$A:$A,$B$3,Detalle!$B:$B,$A11,Detalle!$D:$D,N$4),"▲",IF(N11<SUMIFS(Detalle!$H:$H,Detalle!$A:$A,$B$3,Detalle!$B:$B,$A11,Detalle!$D:$D,N$4),"▼","="))&" "&TEXT((N11-SUMIFS(Detalle!$H:$H,Detalle!$A:$A,$B$3,Detalle!$B:$B,$A11,Detalle!$D:$D,N$4))/SUMIFS(Detalle!$H:$H,Detalle!$A:$A,$B$3,Detalle!$B:$B,$A11,Detalle!$D:$D,N$4),"0.0%")) -> ▲ 9.7% | P11: =SUMIFS(Detalle!$G:$G,Detalle!$A:$A,$B$3,Detalle!$B:$B,$A11,Detalle!$D:$D,P$4) -> 576930.1 | Q11: =IF(SUMIFS(Detalle!$H:$H,Detalle!$A:$A,$B$3,Detalle!$B:$B,$A11,Detalle!$D:$D,P$4)<=0,IF(P11>0,"▲ nuevo","="),IF(P11>SUMIFS(Detalle!$H:$H,Detalle!$A:$A,$B$3,Detalle!$B:$B,$A11,Detalle!$D:$D,P$4),"▲",IF(P11<SUMIFS(Detalle!$H:$H,Detalle!$A:$A,$B$3,Detalle!$B:$B,$A11,Detalle!$D:$D,P$4),"▼","="))&" "&TEXT((P11-SUMIFS(Detalle!$H:$H,Detalle!$A:$A,$B$3,Detalle!$B:$B,$A11,Detalle!$D:$D,P$4))/SUMIFS(Detalle!$H:$H,Detalle!$A:$A,$B$3,Detalle!$B:$B,$A11,Detalle!$D:$D,P$4),"0.0%")) -> ▼ -4.5%
A12: Comercial Fila | B12: =SUMIFS(Detalle!$G:$G,Detalle!$A:$A,$B$3,Detalle!$B:$B,$A12,Detalle!$D:$D,B$4) -> 524637.61 | C12: =IF(SUMIFS(Detalle!$H:$H,Detalle!$A:$A,$B$3,Detalle!$B:$B,$A12,Detalle!$D:$D,B$4)<=0,IF(B12>0,"▲ nuevo","="),IF(B12>SUMIFS(Detalle!$H:$H,Detalle!$A:$A,$B$3,Detalle!$B:$B,$A12,Detalle!$D:$D,B$4),"▲",IF(B12<SUMIFS(Detalle!$H:$H,Detalle!$A:$A,$B$3,Detalle!$B:$B,$A12,Detalle!$D:$D,B$4),"▼","="))&" "&TEXT((B12-SUMIFS(Detalle!$H:$H,Detalle!$A:$A,$B$3,Detalle!$B:$B,$A12,Detalle!$D:$D,B$4))/SUMIFS(Detalle!$H:$H,Detalle!$A:$A,$B$3,Detalle!$B:$B,$A12,Detalle!$D:$D,B$4),"0.0%")) -> ▼ -1.9% | D12: =SUMIFS(Detalle!$G:$G,Detalle!$A:$A,$B$3,Detalle!$B:$B,$A12,Detalle!$D:$D,D$4) -> 462123.28 | E12: =IF(SUMIFS(Detalle!$H:$H,Detalle!$A:$A,$B$3,Detalle!$B:$B,$A12,Detalle!$D:$D,D$4)<=0,IF(D12>0,"▲ nuevo","="),IF(D12>SUMIFS(Detalle!$H:$H,Detalle!$A:$A,$B$3,Detalle!$B:$B,$A12,Detalle!$D:$D,D$4),"▲",IF(D12<SUMIFS(Detalle!$H:$H,Detalle!$A:$A,$B$3,Detalle!$B:$B,$A12,Detalle!$D:$D,D$4),"▼","="))&" "&TEXT((D12-SUMIFS(Detalle!$H:$H,Detalle!$A:$A,$B$3,Detalle!$B:$B,$A12,Detalle!$D:$D,D$4))/SUMIFS(Detalle!$H:$H,Detalle!$A:$A,$B$3,Detalle!$B:$B,$A12,Detalle!$D:$D,D$4),"0.0%")) -> ▼ -11.9% | F12: =SUMIFS(Detalle!$G:$G,Detalle!$A:$A,$B$3,Detalle!$B:$B,$A12,Detalle!$D:$D,F$4) -> 456813.73 | G12: =IF(SUMIFS(Detalle!$H:$H,Detalle!$A:$A,$B$3,Detalle!$B:$B,$A12,Detalle!$D:$D,F$4)<=0,IF(F12>0,"▲ nuevo","="),IF(F12>SUMIFS(Detalle!$H:$H,Detalle!$A:$A,$B$3,Detalle!$B:$B,$A12,Detalle!$D:$D,F$4),"▲",IF(F12<SUMIFS(Detalle!$H:$H,Detalle!$A:$A,$B$3,Detalle!$B:$B,$A12,Detalle!$D:$D,F$4),"▼","="))&" "&TEXT((F12-SUMIFS(Detalle!$H:$H,Detalle!$A:$A,$B$3,Detalle!$B:$B,$A12,Detalle!$D:$D,F$4))/SUMIFS(Detalle!$H:$H,Detalle!$A:$A,$B$3,Detalle!$B:$B,$A12,Detalle!$D:$D,F$4),"0.0%")) -> ▼ -1.1% | H12: =SUMIFS(Detalle!$G:$G,Detalle!$A:$A,$B$3,Detalle!$B:$B,$A12,Detalle!$D:$D,H$4) -> 479469.21 | I12: =IF(SUMIFS(Detalle!$H:$H,Detalle!$A:$A,$B$3,Detalle!$B:$B,$A12,Detalle!$D:$D,H$4)<=0,IF(H12>0,"▲ nuevo","="),IF(H12>SUMIFS(Detalle!$H:$H,Detalle!$A:$A,$B$3,Detalle!$B:$B,$A12,Detalle!$D:$D,H$4),"▲",IF(H12<SUMIFS(Detalle!$H:$H,Detalle!$A:$A,$B$3,Detalle!$B:$B,$A12,Detalle!$D:$D,H$4),"▼","="))&" "&TEXT((H12-SUMIFS(Detalle!$H:$H,Detalle!$A:$A,$B$3,Detalle!$B:$B,$A12,Detalle!$D:$D,H$4))/SUMIFS(Detalle!$H:$H,Detalle!$A:$A,$B$3,Detalle!$B:$B,$A12,Detalle!$D:$D,H$4),"0.0%")) -> ▲ 5.0% | J12: =SUMIFS(Detalle!$G:$G,Detalle!$A:$A,$B$3,Detalle!$B:$B,$A12,Detalle!$D:$D,J$4) -> 550835.24 | K12: =IF(SUMIFS(Detalle!$H:$H,Detalle!$A:$A,$B$3,Detalle!$B:$B,$A12,Detalle!$D:$D,J$4)<=0,IF(J12>0,"▲ nuevo","="),IF(J12>SUMIFS(Detalle!$H:$H,Detalle!$A:$A,$B$3,Detalle!$B:$B,$A12,Detalle!$D:$D,J$4),"▲",IF(J12<SUMIFS(Detalle!$H:$H,Detalle!$A:$A,$B$3,Detalle!$B:$B,$A12,Detalle!$D:$D,J$4),"▼","="))&" "&TEXT((J12-SUMIFS(Detalle!$H:$H,Detalle!$A:$A,$B$3,Detalle!$B:$B,$A12,Detalle!$D:$D,J$4))/SUMIFS(Detalle!$H:$H,Detalle!$A:$A,$B$3,Detalle!$B:$B,$A12,Detalle!$D:$D,J$4),"0.0%")) -> ▲ 14.9% | L12: =SUMIFS(Detalle!$G:$G,Detalle!$A:$A,$B$3,Detalle!$B:$B,$A12,Detalle!$D:$D,L$4) -> 499739.3 | M12: =IF(SUMIFS(Detalle!$H:$H,Detalle!$A:$A,$B$3,Detalle!$B:$B,$A12,Detalle!$D:$D,L$4)<=0,IF(L12>0,"▲ nuevo","="),IF(L12>SUMIFS(Detalle!$H:$H,Detalle!$A:$A,$B$3,Detalle!$B:$B,$A12,Detalle!$D:$D,L$4),"▲",IF(L12<SUMIFS(Detalle!$H:$H,Detalle!$A:$A,$B$3,Detalle!$B:$B,$A12,Detalle!$D:$D,L$4),"▼","="))&" "&TEXT((L12-SUMIFS(Detalle!$H:$H,Detalle!$A:$A,$B$3,Detalle!$B:$B,$A12,Detalle!$D:$D,L$4))/SUMIFS(Detalle!$H:$H,Detalle!$A:$A,$B$3,Detalle!$B:$B,$A12,Detalle!$D:$D,L$4),"0.0%")) -> ▼ -9.3% | N12: =SUMIFS(Detalle!$G:$G,Detalle!$A:$A,$B$3,Detalle!$B:$B,$A12,Detalle!$D:$D,N$4) -> 553212.02 | O12: =IF(SUMIFS(Detalle!$H:$H,Detalle!$A:$A,$B$3,Detalle!$B:$B,$A12,Detalle!$D:$D,N$4)<=0,IF(N12>0,"▲ nuevo","="),IF(N12>SUMIFS(Detalle!$H:$H,Detalle!$A:$A,$B$3,Detalle!$B:$B,$A12,Detalle!$D:$D,N$4),"▲",IF(N12<SUMIFS(Detalle!$H:$H,Detalle!$A:$A,$B$3,Detalle!$B:$B,$A12,Detalle!$D:$D,N$4),"▼","="))&" "&TEXT((N12-SUMIFS(Detalle!$H:$H,Detalle!$A:$A,$B$3,Detalle!$B:$B,$A12,Detalle!$D:$D,N$4))/SUMIFS(Detalle!$H:$H,Detalle!$A:$A,$B$3,Detalle!$B:$B,$A12,Detalle!$D:$D,N$4),"0.0%")) -> ▲ 10.7% | P12: =SUMIFS(Detalle!$G:$G,Detalle!$A:$A,$B$3,Detalle!$B:$B,$A12,Detalle!$D:$D,P$4) -> 549046.73 | Q12: =IF(SUMIFS(Detalle!$H:$H,Detalle!$A:$A,$B$3,Detalle!$B:$B,$A12,Detalle!$D:$D,P$4)<=0,IF(P12>0,"▲ nuevo","="),IF(P12>SUMIFS(Detalle!$H:$H,Detalle!$A:$A,$B$3,Detalle!$B:$B,$A12,Detalle!$D:$D,P$4),"▲",IF(P12<SUMIFS(Detalle!$H:$H,Detalle!$A:$A,$B$3,Detalle!$B:$B,$A12,Detalle!$D:$D,P$4),"▼","="))&" "&TEXT((P12-SUMIFS(Detalle!$H:$H,Detalle!$A:$A,$B$3,Detalle!$B:$B,$A12,Detalle!$D:$D,P$4))/SUMIFS(Detalle!$H:$H,Detalle!$A:$A,$B$3,Detalle!$B:$B,$A12,Detalle!$D:$D,P$4),"0.0%")) -> ▼ -0.8%
A13: Corporacion Poiroto SRL | B13: =SUMIFS(Detalle!$G:$G,Detalle!$A:$A,$B$3,Detalle!$B:$B,$A13,Detalle!$D:$D,B$4) -> 94584.33 | C13: =IF(SUMIFS(Detalle!$H:$H,Detalle!$A:$A,$B$3,Detalle!$B:$B,$A13,Detalle!$D:$D,B$4)<=0,IF(B13>0,"▲ nuevo","="),IF(B13>SUMIFS(Detalle!$H:$H,Detalle!$A:$A,$B$3,Detalle!$B:$B,$A13,Detalle!$D:$D,B$4),"▲",IF(B13<SUMIFS(Detalle!$H:$H,Detalle!$A:$A,$B$3,Detalle!$B:$B,$A13,Detalle!$D:$D,B$4),"▼","="))&" "&TEXT((B13-SUMIFS(Detalle!$H:$H,Detalle!$A:$A,$B$3,Detalle!$B:$B,$A13,Detalle!$D:$D,B$4))/SUMIFS(Detalle!$H:$H,Detalle!$A:$A,$B$3,Detalle!$B:$B,$A13,Detalle!$D:$D,B$4),"0.0%")) -> ▲ 26.2% | D13: =SUMIFS(Detalle!$G:$G,Detalle!$A:$A,$B$3,Detalle!$B:$B,$A13,Detalle!$D:$D,D$4) -> 87776.41 | E13: =IF(SUMIFS(Detalle!$H:$H,Detalle!$A:$A,$B$3,Detalle!$B:$B,$A13,Detalle!$D:$D,D$4)<=0,IF(D13>0,"▲ nuevo","="),IF(D13>SUMIFS(Detalle!$H:$H,Detalle!$A:$A,$B$3,Detalle!$B:$B,$A13,Detalle!$D:$D,D$4),"▲",IF(D13<SUMIFS(Detalle!$H:$H,Detalle!$A:$A,$B$3,Detalle!$B:$B,$A13,Detalle!$D:$D,D$4),"▼","="))&" "&TEXT((D13-SUMIFS(Detalle!$H:$H,Detalle!$A:$A,$B$3,Detalle!$B:$B,$A13,Detalle!$D:$D,D$4))/SUMIFS(Detalle!$H:$H,Detalle!$A:$A,$B$3,Detalle!$B:$B,$A13,Detalle!$D:$D,D$4),"0.0%")) -> ▼ -7.2% | F13: =SUMIFS(Detalle!$G:$G,Detalle!$A:$A,$B$3,Detalle!$B:$B,$A13,Detalle!$D:$D,F$4) -> 103843 | G13: =IF(SUMIFS(Detalle!$H:$H,Detalle!$A:$A,$B$3,Detalle!$B:$B,$A13,Detalle!$D:$D,F$4)<=0,IF(F13>0,"▲ nuevo","="),IF(F13>SUMIFS(Detalle!$H:$H,Detalle!$A:$A,$B$3,Detalle!$B:$B,$A13,Detalle!$D:$D,F$4),"▲",IF(F13<SUMIFS(Detalle!$H:$H,Detalle!$A:$A,$B$3,Detalle!$B:$B,$A13,Detalle!$D:$D,F$4),"▼","="))&" "&TEXT((F13-SUMIFS(Detalle!$H:$H,Detalle!$A:$A,$B$3,Detalle!$B:$B,$A13,Detalle!$D:$D,F$4))/SUMIFS(Detalle!$H:$H,Detalle!$A:$A,$B$3,Detalle!$B:$B,$A13,Detalle!$D:$D,F$4),"0.0%")) -> ▲ 18.3% | H13: =SUMIFS(Detalle!$G:$G,Detalle!$A:$A,$B$3,Detalle!$B:$B,$A13,Detalle!$D:$D,H$4) -> 96952.82 | I13: =IF(SUMIFS(Detalle!$H:$H,Detalle!$A:$A,$B$3,Detalle!$B:$B,$A13,Detalle!$D:$D,H$4)<=0,IF(H13>0,"▲ nuevo","="),IF(H13>SUMIFS(Detalle!$H:$H,Detalle!$A:$A,$B$3,Detalle!$B:$B,$A13,Detalle!$D:$D,H$4),"▲",IF(H13<SUMIFS(Detalle!$H:$H,Detalle!$A:$A,$B$3,Detalle!$B:$B,$A13,Detalle!$D:$D,H$4),"▼","="))&" "&TEXT((H13-SUMIFS(Detalle!$H:$H,Detalle!$A:$A,$B$3,Detalle!$B:$B,$A13,Detalle!$D:$D,H$4))/SUMIFS(Detalle!$H:$H,Detalle!$A:$A,$B$3,Detalle!$B:$B,$A13,Detalle!$D:$D,H$4),"0.0%")) -> ▼ -6.6% | J13: =SUMIFS(Detalle!$G:$G,Detalle!$A:$A,$B$3,Detalle!$B:$B,$A13,Detalle!$D:$D,J$4) -> 81329.15 | K13: =IF(SUMIFS(Detalle!$H:$H,Detalle!$A:$A,$B$3,Detalle!$B:$B,$A13,Detalle!$D:$D,J$4)<=0,IF(J13>0,"▲ nuevo","="),IF(J13>SUMIFS(Detalle!$H:$H,Detalle!$A:$A,$B$3,Detalle!$B:$B,$A13,Detalle!$D:$D,J$4),"▲",IF(J13<SUMIFS(Detalle!$H:$H,Detalle!$A:$A,$B$3,Detalle!$B:$B,$A13,Detalle!$D:$D,J$4),"▼","="))&" "&TEXT((J13-SUMIFS(Detalle!$H:$H,Detalle!$A:$A,$B$3,Detalle!$B:$B,$A13,Detalle!$D:$D,J$4))/SUMIFS(Detalle!$H:$H,Detalle!$A:$A,$B$3,Detalle!$B:$B,$A13,Detalle!$D:$D,J$4),"0.0%")) -> ▼ -16.1% | L13: =SUMIFS(Detalle!$G:$G,Detalle!$A:$A,$B$3,Detalle!$B:$B,$A13,Detalle!$D:$D,L$4) -> 83340.4 | M13: =IF(SUMIFS(Detalle!$H:$H,Detalle!$A:$A,$B$3,Detalle!$B:$B,$A13,Detalle!$D:$D,L$4)<=0,IF(L13>0,"▲ nuevo","="),IF(L13>SUMIFS(Detalle!$H:$H,Detalle!$A:$A,$B$3,Detalle!$B:$B,$A13,Detalle!$D:$D,L$4),"▲",IF(L13<SUMIFS(Detalle!$H:$H,Detalle!$A:$A,$B$3,Detalle!$B:$B,$A13,Detalle!$D:$D,L$4),"▼","="))&" "&TEXT((L13-SUMIFS(Detalle!$H:$H,Detalle!$A:$A,$B$3,Detalle!$B:$B,$A13,Detalle!$D:$D,L$4))/SUMIFS(Detalle!$H:$H,Detalle!$A:$A,$B$3,Detalle!$B:$B,$A13,Detalle!$D:$D,L$4),"0.0%")) -> ▲ 2.5% | N13: =SUMIFS(Detalle!$G:$G,Detalle!$A:$A,$B$3,Detalle!$B:$B,$A13,Detalle!$D:$D,N$4) -> 89906.56 | O13: =IF(SUMIFS(Detalle!$H:$H,Detalle!$A:$A,$B$3,Detalle!$B:$B,$A13,Detalle!$D:$D,N$4)<=0,IF(N13>0,"▲ nuevo","="),IF(N13>SUMIFS(Detalle!$H:$H,Detalle!$A:$A,$B$3,Detalle!$B:$B,$A13,Detalle!$D:$D,N$4),"▲",IF(N13<SUMIFS(Detalle!$H:$H,Detalle!$A:$A,$B$3,Detalle!$B:$B,$A13,Detalle!$D:$D,N$4),"▼","="))&" "&TEXT((N13-SUMIFS(Detalle!$H:$H,Detalle!$A:$A,$B$3,Detalle!$B:$B,$A13,Detalle!$D:$D,N$4))/SUMIFS(Detalle!$H:$H,Detalle!$A:$A,$B$3,Detalle!$B:$B,$A13,Detalle!$D:$D,N$4),"0.0%")) -> ▲ 7.9% | P13: =SUMIFS(Detalle!$G:$G,Detalle!$A:$A,$B$3,Detalle!$B:$B,$A13,Detalle!$D:$D,P$4) -> 82427.2 | Q13: =IF(SUMIFS(Detalle!$H:$H,Detalle!$A:$A,$B$3,Detalle!$B:$B,$A13,Detalle!$D:$D,P$4)<=0,IF(P13>0,"▲ nuevo","="),IF(P13>SUMIFS(Detalle!$H:$H,Detalle!$A:$A,$B$3,Detalle!$B:$B,$A13,Detalle!$D:$D,P$4),"▲",IF(P13<SUMIFS(Detalle!$H:$H,Detalle!$A:$A,$B$3,Detalle!$B:$B,$A13,Detalle!$D:$D,P$4),"▼","="))&" "&TEXT((P13-SUMIFS(Detalle!$H:$H,Detalle!$A:$A,$B$3,Detalle!$B:$B,$A13,Detalle!$D:$D,P$4))/SUMIFS(Detalle!$H:$H,Detalle!$A:$A,$B$3,Detalle!$B:$B,$A13,Detalle!$D:$D,P$4),"0.0%")) -> ▼ -8.3%
A14: P.Q.P. | B14: =SUMIFS(Detalle!$G:$G,Detalle!$A:$A,$B$3,Detalle!$B:$B,$A14,Detalle!$D:$D,B$4) -> 100086.18 | C14: =IF(SUMIFS(Detalle!$H:$H,Detalle!$A:$A,$B$3,Detalle!$B:$B,$A14,Detalle!$D:$D,B$4)<=0,IF(B14>0,"▲ nuevo","="),IF(B14>SUMIFS(Detalle!$H:$H,Detalle!$A:$A,$B$3,Detalle!$B:$B,$A14,Detalle!$D:$D,B$4),"▲",IF(B14<SUMIFS(Detalle!$H:$H,Detalle!$A:$A,$B$3,Detalle!$B:$B,$A14,Detalle!$D:$D,B$4),"▼","="))&" "&TEXT((B14-SUMIFS(Detalle!$H:$H,Detalle!$A:$A,$B$3,Detalle!$B:$B,$A14,Detalle!$D:$D,B$4))/SUMIFS(Detalle!$H:$H,Detalle!$A:$A,$B$3,Detalle!$B:$B,$A14,Detalle!$D:$D,B$4),"0.0%")) -> ▲ 6.7% | D14: =SUMIFS(Detalle!$G:$G,Detalle!$A:$A,$B$3,Detalle!$B:$B,$A14,Detalle!$D:$D,D$4) -> 85923.39 | E14: =IF(SUMIFS(Detalle!$H:$H,Detalle!$A:$A,$B$3,Detalle!$B:$B,$A14,Detalle!$D:$D,D$4)<=0,IF(D14>0,"▲ nuevo","="),IF(D14>SUMIFS(Detalle!$H:$H,Detalle!$A:$A,$B$3,Detalle!$B:$B,$A14,Detalle!$D:$D,D$4),"▲",IF(D14<SUMIFS(Detalle!$H:$H,Detalle!$A:$A,$B$3,Detalle!$B:$B,$A14,Detalle!$D:$D,D$4),"▼","="))&" "&TEXT((D14-SUMIFS(Detalle!$H:$H,Detalle!$A:$A,$B$3,Detalle!$B:$B,$A14,Detalle!$D:$D,D$4))/SUMIFS(Detalle!$H:$H,Detalle!$A:$A,$B$3,Detalle!$B:$B,$A14,Detalle!$D:$D,D$4),"0.0%")) -> ▼ -14.2% | F14: =SUMIFS(Detalle!$G:$G,Detalle!$A:$A,$B$3,Detalle!$B:$B,$A14,Detalle!$D:$D,F$4) -> 95669.4 | G14: =IF(SUMIFS(Detalle!$H:$H,Detalle!$A:$A,$B$3,Detalle!$B:$B,$A14,Detalle!$D:$D,F$4)<=0,IF(F14>0,"▲ nuevo","="),IF(F14>SUMIFS(Detalle!$H:$H,Detalle!$A:$A,$B$3,Detalle!$B:$B,$A14,Detalle!$D:$D,F$4),"▲",IF(F14<SUMIFS(Detalle!$H:$H,Detalle!$A:$A,$B$3,Detalle!$B:$B,$A14,Detalle!$D:$D,F$4),"▼","="))&" "&TEXT((F14-SUMIFS(Detalle!$H:$H,Detalle!$A:$A,$B$3,Detalle!$B:$B,$A14,Detalle!$D:$D,F$4))/SUMIFS(Detalle!$H:$H,Detalle!$A:$A,$B$3,Detalle!$B:$B,$A14,Detalle!$D:$D,F$4),"0.0%")) -> ▲ 11.3% | H14: =SUMIFS(Detalle!$G:$G,Detalle!$A:$A,$B$3,Detalle!$B:$B,$A14,Detalle!$D:$D,H$4) -> 112794.28 | I14: =IF(SUMIFS(Detalle!$H:$H,Detalle!$A:$A,$B$3,Detalle!$B:$B,$A14,Detalle!$D:$D,H$4)<=0,IF(H14>0,"▲ nuevo","="),IF(H14>SUMIFS(Detalle!$H:$H,Detalle!$A:$A,$B$3,Detalle!$B:$B,$A14,Detalle!$D:$D,H$4),"▲",IF(H14<SUMIFS(Detalle!$H:$H,Detalle!$A:$A,$B$3,Detalle!$B:$B,$A14,Detalle!$D:$D,H$4),"▼","="))&" "&TEXT((H14-SUMIFS(Detalle!$H:$H,Detalle!$A:$A,$B$3,Detalle!$B:$B,$A14,Detalle!$D:$D,H$4))/SUMIFS(Detalle!$H:$H,Detalle!$A:$A,$B$3,Detalle!$B:$B,$A14,Detalle!$D:$D,H$4),"0.0%")) -> ▲ 17.9% | J14: =SUMIFS(Detalle!$G:$G,Detalle!$A:$A,$B$3,Detalle!$B:$B,$A14,Detalle!$D:$D,J$4) -> 67066.88 | K14: =IF(SUMIFS(Detalle!$H:$H,Detalle!$A:$A,$B$3,Detalle!$B:$B,$A14,Detalle!$D:$D,J$4)<=0,IF(J14>0,"▲ nuevo","="),IF(J14>SUMIFS(Detalle!$H:$H,Detalle!$A:$A,$B$3,Detalle!$B:$B,$A14,Detalle!$D:$D,J$4),"▲",IF(J14<SUMIFS(Detalle!$H:$H,Detalle!$A:$A,$B$3,Detalle!$B:$B,$A14,Detalle!$D:$D,J$4),"▼","="))&" "&TEXT((J14-SUMIFS(Detalle!$H:$H,Detalle!$A:$A,$B$3,Detalle!$B:$B,$A14,Detalle!$D:$D,J$4))/SUMIFS(Detalle!$H:$H,Detalle!$A:$A,$B$3,Detalle!$B:$B,$A14,Detalle!$D:$D,J$4),"0.0%")) -> ▼ -40.5% | L14: =SUMIFS(Detalle!$G:$G,Detalle!$A:$A,$B$3,Detalle!$B:$B,$A14,Detalle!$D:$D,L$4) -> 57918.47 | M14: =IF(SUMIFS(Detalle!$H:$H,Detalle!$A:$A,$B$3,Detalle!$B:$B,$A14,Detalle!$D:$D,L$4)<=0,IF(L14>0,"▲ nuevo","="),IF(L14>SUMIFS(Detalle!$H:$H,Detalle!$A:$A,$B$3,Detalle!$B:$B,$A14,Detalle!$D:$D,L$4),"▲",IF(L14<SUMIFS(Detalle!$H:$H,Detalle!$A:$A,$B$3,Detalle!$B:$B,$A14,Detalle!$D:$D,L$4),"▼","="))&" "&TEXT((L14-SUMIFS(Detalle!$H:$H,Detalle!$A:$A,$B$3,Detalle!$B:$B,$A14,Detalle!$D:$D,L$4))/SUMIFS(Detalle!$H:$H,Detalle!$A:$A,$B$3,Detalle!$B:$B,$A14,Detalle!$D:$D,L$4),"0.0%")) -> ▼ -13.6% | N14: =SUMIFS(Detalle!$G:$G,Detalle!$A:$A,$B$3,Detalle!$B:$B,$A14,Detalle!$D:$D,N$4) -> 28233.74 | O14: =IF(SUMIFS(Detalle!$H:$H,Detalle!$A:$A,$B$3,Detalle!$B:$B,$A14,Detalle!$D:$D,N$4)<=0,IF(N14>0,"▲ nuevo","="),IF(N14>SUMIFS(Detalle!$H:$H,Detalle!$A:$A,$B$3,Detalle!$B:$B,$A14,Detalle!$D:$D,N$4),"▲",IF(N14<SUMIFS(Detalle!$H:$H,Detalle!$A:$A,$B$3,Detalle!$B:$B,$A14,Detalle!$D:$D,N$4),"▼","="))&" "&TEXT((N14-SUMIFS(Detalle!$H:$H,Detalle!$A:$A,$B$3,Detalle!$B:$B,$A14,Detalle!$D:$D,N$4))/SUMIFS(Detalle!$H:$H,Detalle!$A:$A,$B$3,Detalle!$B:$B,$A14,Detalle!$D:$D,N$4),"0.0%")) -> ▼ -51.3% | P14: =SUMIFS(Detalle!$G:$G,Detalle!$A:$A,$B$3,Detalle!$B:$B,$A14,Detalle!$D:$D,P$4) -> 38723.39 | Q14: =IF(SUMIFS(Detalle!$H:$H,Detalle!$A:$A,$B$3,Detalle!$B:$B,$A14,Detalle!$D:$D,P$4)<=0,IF(P14>0,"▲ nuevo","="),IF(P14>SUMIFS(Detalle!$H:$H,Detalle!$A:$A,$B$3,Detalle!$B:$B,$A14,Detalle!$D:$D,P$4),"▲",IF(P14<SUMIFS(Detalle!$H:$H,Detalle!$A:$A,$B$3,Detalle!$B:$B,$A14,Detalle!$D:$D,P$4),"▼","="))&" "&TEXT((P14-SUMIFS(Detalle!$H:$H,Detalle!$A:$A,$B$3,Detalle!$B:$B,$A14,Detalle!$D:$D,P$4))/SUMIFS(Detalle!$H:$H,Detalle!$A:$A,$B$3,Detalle!$B:$B,$A14,Detalle!$D:$D,P$4),"0.0%")) -> ▲ 37.2%
A15: AMPOULE | B15: =SUMIFS(Detalle!$G:$G,Detalle!$A:$A,$B$3,Detalle!$B:$B,$A15,Detalle!$D:$D,B$4) -> 49324.79 | C15: =IF(SUMIFS(Detalle!$H:$H,Detalle!$A:$A,$B$3,Detalle!$B:$B,$A15,Detalle!$D:$D,B$4)<=0,IF(B15>0,"▲ nuevo","="),IF(B15>SUMIFS(Detalle!$H:$H,Detalle!$A:$A,$B$3,Detalle!$B:$B,$A15,Detalle!$D:$D,B$4),"▲",IF(B15<SUMIFS(Detalle!$H:$H,Detalle!$A:$A,$B$3,Detalle!$B:$B,$A15,Detalle!$D:$D,B$4),"▼","="))&" "&TEXT((B15-SUMIFS(Detalle!$H:$H,Detalle!$A:$A,$B$3,Detalle!$B:$B,$A15,Detalle!$D:$D,B$4))/SUMIFS(Detalle!$H:$H,Detalle!$A:$A,$B$3,Detalle!$B:$B,$A15,Detalle!$D:$D,B$4),"0.0%")) -> ▼ -13.2% | D15: =SUMIFS(Detalle!$G:$G,Detalle!$A:$A,$B$3,Detalle!$B:$B,$A15,Detalle!$D:$D,D$4) -> 44871.6 | E15: =IF(SUMIFS(Detalle!$H:$H,Detalle!$A:$A,$B$3,Detalle!$B:$B,$A15,Detalle!$D:$D,D$4)<=0,IF(D15>0,"▲ nuevo","="),IF(D15>SUMIFS(Detalle!$H:$H,Detalle!$A:$A,$B$3,Detalle!$B:$B,$A15,Detalle!$D:$D,D$4),"▲",IF(D15<SUMIFS(Detalle!$H:$H,Detalle!$A:$A,$B$3,Detalle!$B:$B,$A15,Detalle!$D:$D,D$4),"▼","="))&" "&TEXT((D15-SUMIFS(Detalle!$H:$H,Detalle!$A:$A,$B$3,Detalle!$B:$B,$A15,Detalle!$D:$D,D$4))/SUMIFS(Detalle!$H:$H,Detalle!$A:$A,$B$3,Detalle!$B:$B,$A15,Detalle!$D:$D,D$4),"0.0%")) -> ▼ -9.0% | F15: =SUMIFS(Detalle!$G:$G,Detalle!$A:$A,$B$3,Detalle!$B:$B,$A15,Detalle!$D:$D,F$4) -> 70685.3 | G15: =IF(SUMIFS(Detalle!$H:$H,Detalle!$A:$A,$B$3,Detalle!$B:$B,$A15,Detalle!$D:$D,F$4)<=0,IF(F15>0,"▲ nuevo","="),IF(F15>SUMIFS(Detalle!$H:$H,Detalle!$A:$A,$B$3,Detalle!$B:$B,$A15,Detalle!$D:$D,F$4),"▲",IF(F15<SUMIFS(Detalle!$H:$H,Detalle!$A:$A,$B$3,Detalle!$B:$B,$A15,Detalle!$D:$D,F$4),"▼","="))&" "&TEXT((F15-SUMIFS(Detalle!$H:$H,Detalle!$A:$A,$B$3,Detalle!$B:$B,$A15,Detalle!$D:$D,F$4))/SUMIFS(Detalle!$H:$H,Detalle!$A:$A,$B$3,Detalle!$B:$B,$A15,Detalle!$D:$D,F$4),"0.0%")) -> ▲ 57.5% | H15: =SUMIFS(Detalle!$G:$G,Detalle!$A:$A,$B$3,Detalle!$B:$B,$A15,Detalle!$D:$D,H$4) -> 63516.95 | I15: =IF(SUMIFS(Detalle!$H:$H,Detalle!$A:$A,$B$3,Detalle!$B:$B,$A15,Detalle!$D:$D,H$4)<=0,IF(H15>0,"▲ nuevo","="),IF(H15>SUMIFS(Detalle!$H:$H,Detalle!$A:$A,$B$3,Detalle!$B:$B,$A15,Detalle!$D:$D,H$4),"▲",IF(H15<SUMIFS(Detalle!$H:$H,Detalle!$A:$A,$B$3,Detalle!$B:$B,$A15,Detalle!$D:$D,H$4),"▼","="))&" "&TEXT((H15-SUMIFS(Detalle!$H:$H,Detalle!$A:$A,$B$3,Detalle!$B:$B,$A15,Detalle!$D:$D,H$4))/SUMIFS(Detalle!$H:$H,Detalle!$A:$A,$B$3,Detalle!$B:$B,$A15,Detalle!$D:$D,H$4),"0.0%")) -> ▼ -10.1% | J15: =SUMIFS(Detalle!$G:$G,Detalle!$A:$A,$B$3,Detalle!$B:$B,$A15,Detalle!$D:$D,J$4) -> 63265.41 | K15: =IF(SUMIFS(Detalle!$H:$H,Detalle!$A:$A,$B$3,Detalle!$B:$B,$A15,Detalle!$D:$D,J$4)<=0,IF(J15>0,"▲ nuevo","="),IF(J15>SUMIFS(Detalle!$H:$H,Detalle!$A:$A,$B$3,Detalle!$B:$B,$A15,Detalle!$D:$D,J$4),"▲",IF(J15<SUMIFS(Detalle!$H:$H,Detalle!$A:$A,$B$3,Detalle!$B:$B,$A15,Detalle!$D:$D,J$4),"▼","="))&" "&TEXT((J15-SUMIFS(Detalle!$H:$H,Detalle!$A:$A,$B$3,Detalle!$B:$B,$A15,Detalle!$D:$D,J$4))/SUMIFS(Detalle!$H:$H,Detalle!$A:$A,$B$3,Detalle!$B:$B,$A15,Detalle!$D:$D,J$4),"0.0%")) -> ▼ -0.4% | L15: =SUMIFS(Detalle!$G:$G,Detalle!$A:$A,$B$3,Detalle!$B:$B,$A15,Detalle!$D:$D,L$4) -> 59821.69 | M15: =IF(SUMIFS(Detalle!$H:$H,Detalle!$A:$A,$B$3,Detalle!$B:$B,$A15,Detalle!$D:$D,L$4)<=0,IF(L15>0,"▲ nuevo","="),IF(L15>SUMIFS(Detalle!$H:$H,Detalle!$A:$A,$B$3,Detalle!$B:$B,$A15,Detalle!$D:$D,L$4),"▲",IF(L15<SUMIFS(Detalle!$H:$H,Detalle!$A:$A,$B$3,Detalle!$B:$B,$A15,Detalle!$D:$D,L$4),"▼","="))&" "&TEXT((L15-SUMIFS(Detalle!$H:$H,Detalle!$A:$A,$B$3,Detalle!$B:$B,$A15,Detalle!$D:$D,L$4))/SUMIFS(Detalle!$H:$H,Detalle!$A:$A,$B$3,Detalle!$B:$B,$A15,Detalle!$D:$D,L$4),"0.0%")) -> ▼ -5.4% | N15: =SUMIFS(Detalle!$G:$G,Detalle!$A:$A,$B$3,Detalle!$B:$B,$A15,Detalle!$D:$D,N$4) -> 61029.26 | O15: =IF(SUMIFS(Detalle!$H:$H,Detalle!$A:$A,$B$3,Detalle!$B:$B,$A15,Detalle!$D:$D,N$4)<=0,IF(N15>0,"▲ nuevo","="),IF(N15>SUMIFS(Detalle!$H:$H,Detalle!$A:$A,$B$3,Detalle!$B:$B,$A15,Detalle!$D:$D,N$4),"▲",IF(N15<SUMIFS(Detalle!$H:$H,Detalle!$A:$A,$B$3,Detalle!$B:$B,$A15,Detalle!$D:$D,N$4),"▼","="))&" "&TEXT((N15-SUMIFS(Detalle!$H:$H,Detalle!$A:$A,$B$3,Detalle!$B:$B,$A15,Detalle!$D:$D,N$4))/SUMIFS(Detalle!$H:$H,Detalle!$A:$A,$B$3,Detalle!$B:$B,$A15,Detalle!$D:$D,N$4),"0.0%")) -> ▲ 2.0% | P15: =SUMIFS(Detalle!$G:$G,Detalle!$A:$A,$B$3,Detalle!$B:$B,$A15,Detalle!$D:$D,P$4) -> 64239.11 | Q15: =IF(SUMIFS(Detalle!$H:$H,Detalle!$A:$A,$B$3,Detalle!$B:$B,$A15,Detalle!$D:$D,P$4)<=0,IF(P15>0,"▲ nuevo","="),IF(P15>SUMIFS(Detalle!$H:$H,Detalle!$A:$A,$B$3,Detalle!$B:$B,$A15,Detalle!$D:$D,P$4),"▲",IF(P15<SUMIFS(Detalle!$H:$H,Detalle!$A:$A,$B$3,Detalle!$B:$B,$A15,Detalle!$D:$D,P$4),"▼","="))&" "&TEXT((P15-SUMIFS(Detalle!$H:$H,Detalle!$A:$A,$B$3,Detalle!$B:$B,$A15,Detalle!$D:$D,P$4))/SUMIFS(Detalle!$H:$H,Detalle!$A:$A,$B$3,Detalle!$B:$B,$A15,Detalle!$D:$D,P$4),"0.0%")) -> ▲ 5.3%
A16: Pimentel & Co. SRL | B16: =SUMIFS(Detalle!$G:$G,Detalle!$A:$A,$B$3,Detalle!$B:$B,$A16,Detalle!$D:$D,B$4) -> 24569.6 | C16: =IF(SUMIFS(Detalle!$H:$H,Detalle!$A:$A,$B$3,Detalle!$B:$B,$A16,Detalle!$D:$D,B$4)<=0,IF(B16>0,"▲ nuevo","="),IF(B16>SUMIFS(Detalle!$H:$H,Detalle!$A:$A,$B$3,Detalle!$B:$B,$A16,Detalle!$D:$D,B$4),"▲",IF(B16<SUMIFS(Detalle!$H:$H,Detalle!$A:$A,$B$3,Detalle!$B:$B,$A16,Detalle!$D:$D,B$4),"▼","="))&" "&TEXT((B16-SUMIFS(Detalle!$H:$H,Detalle!$A:$A,$B$3,Detalle!$B:$B,$A16,Detalle!$D:$D,B$4))/SUMIFS(Detalle!$H:$H,Detalle!$A:$A,$B$3,Detalle!$B:$B,$A16,Detalle!$D:$D,B$4),"0.0%")) -> ▲ 18.3% | D16: =SUMIFS(Detalle!$G:$G,Detalle!$A:$A,$B$3,Detalle!$B:$B,$A16,Detalle!$D:$D,D$4) -> 34531.2 | E16: =IF(SUMIFS(Detalle!$H:$H,Detalle!$A:$A,$B$3,Detalle!$B:$B,$A16,Detalle!$D:$D,D$4)<=0,IF(D16>0,"▲ nuevo","="),IF(D16>SUMIFS(Detalle!$H:$H,Detalle!$A:$A,$B$3,Detalle!$B:$B,$A16,Detalle!$D:$D,D$4),"▲",IF(D16<SUMIFS(Detalle!$H:$H,Detalle!$A:$A,$B$3,Detalle!$B:$B,$A16,Detalle!$D:$D,D$4),"▼","="))&" "&TEXT((D16-SUMIFS(Detalle!$H:$H,Detalle!$A:$A,$B$3,Detalle!$B:$B,$A16,Detalle!$D:$D,D$4))/SUMIFS(Detalle!$H:$H,Detalle!$A:$A,$B$3,Detalle!$B:$B,$A16,Detalle!$D:$D,D$4),"0.0%")) -> ▲ 40.5% | F16: =SUMIFS(Detalle!$G:$G,Detalle!$A:$A,$B$3,Detalle!$B:$B,$A16,Detalle!$D:$D,F$4) -> 41131.2 | G16: =IF(SUMIFS(Detalle!$H:$H,Detalle!$A:$A,$B$3,Detalle!$B:$B,$A16,Detalle!$D:$D,F$4)<=0,IF(F16>0,"▲ nuevo","="),IF(F16>SUMIFS(Detalle!$H:$H,Detalle!$A:$A,$B$3,Detalle!$B:$B,$A16,Detalle!$D:$D,F$4),"▲",IF(F16<SUMIFS(Detalle!$H:$H,Detalle!$A:$A,$B$3,Detalle!$B:$B,$A16,Detalle!$D:$D,F$4),"▼","="))&" "&TEXT((F16-SUMIFS(Detalle!$H:$H,Detalle!$A:$A,$B$3,Detalle!$B:$B,$A16,Detalle!$D:$D,F$4))/SUMIFS(Detalle!$H:$H,Detalle!$A:$A,$B$3,Detalle!$B:$B,$A16,Detalle!$D:$D,F$4),"0.0%")) -> ▲ 19.1% | H16: =SUMIFS(Detalle!$G:$G,Detalle!$A:$A,$B$3,Detalle!$B:$B,$A16,Detalle!$D:$D,H$4) -> 45127.28 | I16: =IF(SUMIFS(Detalle!$H:$H,Detalle!$A:$A,$B$3,Detalle!$B:$B,$A16,Detalle!$D:$D,H$4)<=0,IF(H16>0,"▲ nuevo","="),IF(H16>SUMIFS(Detalle!$H:$H,Detalle!$A:$A,$B$3,Detalle!$B:$B,$A16,Detalle!$D:$D,H$4),"▲",IF(H16<SUMIFS(Detalle!$H:$H,Detalle!$A:$A,$B$3,Detalle!$B:$B,$A16,Detalle!$D:$D,H$4),"▼","="))&" "&TEXT((H16-SUMIFS(Detalle!$H:$H,Detalle!$A:$A,$B$3,Detalle!$B:$B,$A16,Detalle!$D:$D,H$4))/SUMIFS(Detalle!$H:$H,Detalle!$A:$A,$B$3,Detalle!$B:$B,$A16,Detalle!$D:$D,H$4),"0.0%")) -> ▲ 9.7% | J16: =SUMIFS(Detalle!$G:$G,Detalle!$A:$A,$B$3,Detalle!$B:$B,$A16,Detalle!$D:$D,J$4) -> 63170.8 | K16: =IF(SUMIFS(Detalle!$H:$H,Detalle!$A:$A,$B$3,Detalle!$B:$B,$A16,Detalle!$D:$D,J$4)<=0,IF(J16>0,"▲ nuevo","="),IF(J16>SUMIFS(Detalle!$H:$H,Detalle!$A:$A,$B$3,Detalle!$B:$B,$A16,Detalle!$D:$D,J$4),"▲",IF(J16<SUMIFS(Detalle!$H:$H,Detalle!$A:$A,$B$3,Detalle!$B:$B,$A16,Detalle!$D:$D,J$4),"▼","="))&" "&TEXT((J16-SUMIFS(Detalle!$H:$H,Detalle!$A:$A,$B$3,Detalle!$B:$B,$A16,Detalle!$D:$D,J$4))/SUMIFS(Detalle!$H:$H,Detalle!$A:$A,$B$3,Detalle!$B:$B,$A16,Detalle!$D:$D,J$4),"0.0%")) -> ▲ 40.0% | L16: =SUMIFS(Detalle!$G:$G,Detalle!$A:$A,$B$3,Detalle!$B:$B,$A16,Detalle!$D:$D,L$4) -> 33387.2 | M16: =IF(SUMIFS(Detalle!$H:$H,Detalle!$A:$A,$B$3,Detalle!$B:$B,$A16,Detalle!$D:$D,L$4)<=0,IF(L16>0,"▲ nuevo","="),IF(L16>SUMIFS(Detalle!$H:$H,Detalle!$A:$A,$B$3,Detalle!$B:$B,$A16,Detalle!$D:$D,L$4),"▲",IF(L16<SUMIFS(Detalle!$H:$H,Detalle!$A:$A,$B$3,Detalle!$B:$B,$A16,Detalle!$D:$D,L$4),"▼","="))&" "&TEXT((L16-SUMIFS(Detalle!$H:$H,Detalle!$A:$A,$B$3,Detalle!$B:$B,$A16,Detalle!$D:$D,L$4))/SUMIFS(Detalle!$H:$H,Detalle!$A:$A,$B$3,Detalle!$B:$B,$A16,Detalle!$D:$D,L$4),"0.0%")) -> ▼ -47.1% | N16: =SUMIFS(Detalle!$G:$G,Detalle!$A:$A,$B$3,Detalle!$B:$B,$A16,Detalle!$D:$D,N$4) -> 11739.2 | O16: =IF(SUMIFS(Detalle!$H:$H,Detalle!$A:$A,$B$3,Detalle!$B:$B,$A16,Detalle!$D:$D,N$4)<=0,IF(N16>0,"▲ nuevo","="),IF(N16>SUMIFS(Detalle!$H:$H,Detalle!$A:$A,$B$3,Detalle!$B:$B,$A16,Detalle!$D:$D,N$4),"▲",IF(N16<SUMIFS(Detalle!$H:$H,Detalle!$A:$A,$B$3,Detalle!$B:$B,$A16,Detalle!$D:$D,N$4),"▼","="))&" "&TEXT((N16-SUMIFS(Detalle!$H:$H,Detalle!$A:$A,$B$3,Detalle!$B:$B,$A16,Detalle!$D:$D,N$4))/SUMIFS(Detalle!$H:$H,Detalle!$A:$A,$B$3,Detalle!$B:$B,$A16,Detalle!$D:$D,N$4),"0.0%")) -> ▼ -64.8% | P16: =SUMIFS(Detalle!$G:$G,Detalle!$A:$A,$B$3,Detalle!$B:$B,$A16,Detalle!$D:$D,P$4) -> 38602.52 | Q16: =IF(SUMIFS(Detalle!$H:$H,Detalle!$A:$A,$B$3,Detalle!$B:$B,$A16,Detalle!$D:$D,P$4)<=0,IF(P16>0,"▲ nuevo","="),IF(P16>SUMIFS(Detalle!$H:$H,Detalle!$A:$A,$B$3,Detalle!$B:$B,$A16,Detalle!$D:$D,P$4),"▲",IF(P16<SUMIFS(Detalle!$H:$H,Detalle!$A:$A,$B$3,Detalle!$B:$B,$A16,Detalle!$D:$D,P$4),"▼","="))&" "&TEXT((P16-SUMIFS(Detalle!$H:$H,Detalle!$A:$A,$B$3,Detalle!$B:$B,$A16,Detalle!$D:$D,P$4))/SUMIFS(Detalle!$H:$H,Detalle!$A:$A,$B$3,Detalle!$B:$B,$A16,Detalle!$D:$D,P$4),"0.0%")) -> ▲ 228.8%
A17: GALISA GROUP | B17: =SUMIFS(Detalle!$G:$G,Detalle!$A:$A,$B$3,Detalle!$B:$B,$A17,Detalle!$D:$D,B$4) -> 33050 | C17: =IF(SUMIFS(Detalle!$H:$H,Detalle!$A:$A,$B$3,Detalle!$B:$B,$A17,Detalle!$D:$D,B$4)<=0,IF(B17>0,"▲ nuevo","="),IF(B17>SUMIFS(Detalle!$H:$H,Detalle!$A:$A,$B$3,Detalle!$B:$B,$A17,Detalle!$D:$D,B$4),"▲",IF(B17<SUMIFS(Detalle!$H:$H,Detalle!$A:$A,$B$3,Detalle!$B:$B,$A17,Detalle!$D:$D,B$4),"▼","="))&" "&TEXT((B17-SUMIFS(Detalle!$H:$H,Detalle!$A:$A,$B$3,Detalle!$B:$B,$A17,Detalle!$D:$D,B$4))/SUMIFS(Detalle!$H:$H,Detalle!$A:$A,$B$3,Detalle!$B:$B,$A17,Detalle!$D:$D,B$4),"0.0%")) -> ▲ 14.0% | D17: =SUMIFS(Detalle!$G:$G,Detalle!$A:$A,$B$3,Detalle!$B:$B,$A17,Detalle!$D:$D,D$4) -> 29826.88 | E17: =IF(SUMIFS(Detalle!$H:$H,Detalle!$A:$A,$B$3,Detalle!$B:$B,$A17,Detalle!$D:$D,D$4)<=0,IF(D17>0,"▲ nuevo","="),IF(D17>SUMIFS(Detalle!$H:$H,Detalle!$A:$A,$B$3,Detalle!$B:$B,$A17,Detalle!$D:$D,D$4),"▲",IF(D17<SUMIFS(Detalle!$H:$H,Detalle!$A:$A,$B$3,Detalle!$B:$B,$A17,Detalle!$D:$D,D$4),"▼","="))&" "&TEXT((D17-SUMIFS(Detalle!$H:$H,Detalle!$A:$A,$B$3,Detalle!$B:$B,$A17,Detalle!$D:$D,D$4))/SUMIFS(Detalle!$H:$H,Detalle!$A:$A,$B$3,Detalle!$B:$B,$A17,Detalle!$D:$D,D$4),"0.0%")) -> ▼ -9.8% | F17: =SUMIFS(Detalle!$G:$G,Detalle!$A:$A,$B$3,Detalle!$B:$B,$A17,Detalle!$D:$D,F$4) -> 29905.22 | G17: =IF(SUMIFS(Detalle!$H:$H,Detalle!$A:$A,$B$3,Detalle!$B:$B,$A17,Detalle!$D:$D,F$4)<=0,IF(F17>0,"▲ nuevo","="),IF(F17>SUMIFS(Detalle!$H:$H,Detalle!$A:$A,$B$3,Detalle!$B:$B,$A17,Detalle!$D:$D,F$4),"▲",IF(F17<SUMIFS(Detalle!$H:$H,Detalle!$A:$A,$B$3,Detalle!$B:$B,$A17,Detalle!$D:$D,F$4),"▼","="))&" "&TEXT((F17-SUMIFS(Detalle!$H:$H,Detalle!$A:$A,$B$3,Detalle!$B:$B,$A17,Detalle!$D:$D,F$4))/SUMIFS(Detalle!$H:$H,Detalle!$A:$A,$B$3,Detalle!$B:$B,$A17,Detalle!$D:$D,F$4),"0.0%")) -> ▲ 0.3% | H17: =SUMIFS(Detalle!$G:$G,Detalle!$A:$A,$B$3,Detalle!$B:$B,$A17,Detalle!$D:$D,H$4) -> 21878.96 | I17: =IF(SUMIFS(Detalle!$H:$H,Detalle!$A:$A,$B$3,Detalle!$B:$B,$A17,Detalle!$D:$D,H$4)<=0,IF(H17>0,"▲ nuevo","="),IF(H17>SUMIFS(Detalle!$H:$H,Detalle!$A:$A,$B$3,Detalle!$B:$B,$A17,Detalle!$D:$D,H$4),"▲",IF(H17<SUMIFS(Detalle!$H:$H,Detalle!$A:$A,$B$3,Detalle!$B:$B,$A17,Detalle!$D:$D,H$4),"▼","="))&" "&TEXT((H17-SUMIFS(Detalle!$H:$H,Detalle!$A:$A,$B$3,Detalle!$B:$B,$A17,Detalle!$D:$D,H$4))/SUMIFS(Detalle!$H:$H,Detalle!$A:$A,$B$3,Detalle!$B:$B,$A17,Detalle!$D:$D,H$4),"0.0%")) -> ▼ -26.8% | J17: =SUMIFS(Detalle!$G:$G,Detalle!$A:$A,$B$3,Detalle!$B:$B,$A17,Detalle!$D:$D,J$4) -> 11718.4 | K17: =IF(SUMIFS(Detalle!$H:$H,Detalle!$A:$A,$B$3,Detalle!$B:$B,$A17,Detalle!$D:$D,J$4)<=0,IF(J17>0,"▲ nuevo","="),IF(J17>SUMIFS(Detalle!$H:$H,Detalle!$A:$A,$B$3,Detalle!$B:$B,$A17,Detalle!$D:$D,J$4),"▲",IF(J17<SUMIFS(Detalle!$H:$H,Detalle!$A:$A,$B$3,Detalle!$B:$B,$A17,Detalle!$D:$D,J$4),"▼","="))&" "&TEXT((J17-SUMIFS(Detalle!$H:$H,Detalle!$A:$A,$B$3,Detalle!$B:$B,$A17,Detalle!$D:$D,J$4))/SUMIFS(Detalle!$H:$H,Detalle!$A:$A,$B$3,Detalle!$B:$B,$A17,Detalle!$D:$D,J$4),"0.0%")) -> ▼ -46.4% | L17: =SUMIFS(Detalle!$G:$G,Detalle!$A:$A,$B$3,Detalle!$B:$B,$A17,Detalle!$D:$D,L$4) -> 33430.1 | M17: =IF(SUMIFS(Detalle!$H:$H,Detalle!$A:$A,$B$3,Detalle!$B:$B,$A17,Detalle!$D:$D,L$4)<=0,IF(L17>0,"▲ nuevo","="),IF(L17>SUMIFS(Detalle!$H:$H,Detalle!$A:$A,$B$3,Detalle!$B:$B,$A17,Detalle!$D:$D,L$4),"▲",IF(L17<SUMIFS(Detalle!$H:$H,Detalle!$A:$A,$B$3,Detalle!$B:$B,$A17,Detalle!$D:$D,L$4),"▼","="))&" "&TEXT((L17-SUMIFS(Detalle!$H:$H,Detalle!$A:$A,$B$3,Detalle!$B:$B,$A17,Detalle!$D:$D,L$4))/SUMIFS(Detalle!$H:$H,Detalle!$A:$A,$B$3,Detalle!$B:$B,$A17,Detalle!$D:$D,L$4),"0.0%")) -> ▲ 185.3% | N17: =SUMIFS(Detalle!$G:$G,Detalle!$A:$A,$B$3,Detalle!$B:$B,$A17,Detalle!$D:$D,N$4) -> 29630.42 | O17: =IF(SUMIFS(Detalle!$H:$H,Detalle!$A:$A,$B$3,Detalle!$B:$B,$A17,Detalle!$D:$D,N$4)<=0,IF(N17>0,"▲ nuevo","="),IF(N17>SUMIFS(Detalle!$H:$H,Detalle!$A:$A,$B$3,Detalle!$B:$B,$A17,Detalle!$D:$D,N$4),"▲",IF(N17<SUMIFS(Detalle!$H:$H,Detalle!$A:$A,$B$3,Detalle!$B:$B,$A17,Detalle!$D:$D,N$4),"▼","="))&" "&TEXT((N17-SUMIFS(Detalle!$H:$H,Detalle!$A:$A,$B$3,Detalle!$B:$B,$A17,Detalle!$D:$D,N$4))/SUMIFS(Detalle!$H:$H,Detalle!$A:$A,$B$3,Detalle!$B:$B,$A17,Detalle!$D:$D,N$4),"0.0%")) -> ▼ -11.4% | P17: =SUMIFS(Detalle!$G:$G,Detalle!$A:$A,$B$3,Detalle!$B:$B,$A17,Detalle!$D:$D,P$4) -> 27190.55 | Q17: =IF(SUMIFS(Detalle!$H:$H,Detalle!$A:$A,$B$3,Detalle!$B:$B,$A17,Detalle!$D:$D,P$4)<=0,IF(P17>0,"▲ nuevo","="),IF(P17>SUMIFS(Detalle!$H:$H,Detalle!$A:$A,$B$3,Detalle!$B:$B,$A17,Detalle!$D:$D,P$4),"▲",IF(P17<SUMIFS(Detalle!$H:$H,Detalle!$A:$A,$B$3,Detalle!$B:$B,$A17,Detalle!$D:$D,P$4),"▼","="))&" "&TEXT((P17-SUMIFS(Detalle!$H:$H,Detalle!$A:$A,$B$3,Detalle!$B:$B,$A17,Detalle!$D:$D,P$4))/SUMIFS(Detalle!$H:$H,Detalle!$A:$A,$B$3,Detalle!$B:$B,$A17,Detalle!$D:$D,P$4),"0.0%")) -> ▼ -8.2%
... A22: DOMICA | B22: =SUMIFS(Detalle!$G:$G,Detalle!$A:$A,$B$3,Detalle!$B:$B,$A22,Detalle!$D:$D,B$4) -> 0 | C22: =IF(SUMIFS(Detalle!$H:$H,Detalle!$A:$A,$B$3,Detalle!$B:$B,$A22,Detalle!$D:$D,B$4)<=0,IF(B22>0,"▲ nuevo","="),IF(B22>SUMIFS(Detalle!$H:$H,Detalle!$A:$A,$B$3,Detalle!$B:$B,$A22,Detalle!$D:$D,B$4),"▲",IF(B22<SUMIFS(Detalle!$H:$H,Detalle!$A:$A,$B$3,Detalle!$B:$B,$A22,Detalle!$D:$D,B$4),"▼","="))&" "&TEXT((B22-SUMIFS(Detalle!$H:$H,Detalle!$A:$A,$B$3,Detalle!$B:$B,$A22,Detalle!$D:$D,B$4))/SUMIFS(Detalle!$H:$H,Detalle!$A:$A,$B$3,Detalle!$B:$B,$A22,Detalle!$D:$D,B$4),"0.0%")) -> = | D22: =SUMIFS(Detalle!$G:$G,Detalle!$A:$A,$B$3,Detalle!$B:$B,$A22,Detalle!$D:$D,D$4) -> 0 | E22: =IF(SUMIFS(Detalle!$H:$H,Detalle!$A:$A,$B$3,Detalle!$B:$B,$A22,Detalle!$D:$D,D$4)<=0,IF(D22>0,"▲ nuevo","="),IF(D22>SUMIFS(Detalle!$H:$H,Detalle!$A:$A,$B$3,Detalle!$B:$B,$A22,Detalle!$D:$D,D$4),"▲",IF(D22<SUMIFS(Detalle!$H:$H,Detalle!$A:$A,$B$3,Detalle!$B:$B,$A22,Detalle!$D:$D,D$4),"▼","="))&" "&TEXT((D22-SUMIFS(Detalle!$H:$H,Detalle!$A:$A,$B$3,Detalle!$B:$B,$A22,Detalle!$D:$D,D$4))/SUMIFS(Detalle!$H:$H,Detalle!$A:$A,$B$3,Detalle!$B:$B,$A22,Detalle!$D:$D,D$4),"0.0%")) -> = | F22: =SUMIFS(Detalle!$G:$G,Detalle!$A:$A,$B$3,Detalle!$B:$B,$A22,Detalle!$D:$D,F$4) -> 0 | G22: =IF(SUMIFS(Detalle!$H:$H,Detalle!$A:$A,$B$3,Detalle!$B:$B,$A22,Detalle!$D:$D,F$4)<=0,IF(F22>0,"▲ nuevo","="),IF(F22>SUMIFS(Detalle!$H:$H,Detalle!$A:$A,$B$3,Detalle!$B:$B,$A22,Detalle!$D:$D,F$4),"▲",IF(F22<SUMIFS(Detalle!$H:$H,Detalle!$A:$A,$B$3,Detalle!$B:$B,$A22,Detalle!$D:$D,F$4),"▼","="))&" "&TEXT((F22-SUMIFS(Detalle!$H:$H,Detalle!$A:$A,$B$3,Detalle!$B:$B,$A22,Detalle!$D:$D,F$4))/SUMIFS(Detalle!$H:$H,Detalle!$A:$A,$B$3,Detalle!$B:$B,$A22,Detalle!$D:$D,F$4),"0.0%")) -> = | H22: =SUMIFS(Detalle!$G:$G,Detalle!$A:$A,$B$3,Detalle!$B:$B,$A22,Detalle!$D:$D,H$4) -> 0 | I22: =IF(SUMIFS(Detalle!$H:$H,Detalle!$A:$A,$B$3,Detalle!$B:$B,$A22,Detalle!$D:$D,H$4)<=0,IF(H22>0,"▲ nuevo","="),IF(H22>SUMIFS(Detalle!$H:$H,Detalle!$A:$A,$B$3,Detalle!$B:$B,$A22,Detalle!$D:$D,H$4),"▲",IF(H22<SUMIFS(Detalle!$H:$H,Detalle!$A:$A,$B$3,Detalle!$B:$B,$A22,Detalle!$D:$D,H$4),"▼","="))&" "&TEXT((H22-SUMIFS(Detalle!$H:$H,Detalle!$A:$A,$B$3,Detalle!$B:$B,$A22,Detalle!$D:$D,H$4))/SUMIFS(Detalle!$H:$H,Detalle!$A:$A,$B$3,Detalle!$B:$B,$A22,Detalle!$D:$D,H$4),"0.0%")) -> = | J22: =SUMIFS(Detalle!$G:$G,Detalle!$A:$A,$B$3,Detalle!$B:$B,$A22,Detalle!$D:$D,J$4) -> 877.11 | K22: =IF(SUMIFS(Detalle!$H:$H,Detalle!$A:$A,$B$3,Detalle!$B:$B,$A22,Detalle!$D:$D,J$4)<=0,IF(J22>0,"▲ nuevo","="),IF(J22>SUMIFS(Detalle!$H:$H,Detalle!$A:$A,$B$3,Detalle!$B:$B,$A22,Detalle!$D:$D,J$4),"▲",IF(J22<SUMIFS(Detalle!$H:$H,Detalle!$A:$A,$B$3,Detalle!$B:$B,$A22,Detalle!$D:$D,J$4),"▼","="))&" "&TEXT((J22-SUMIFS(Detalle!$H:$H,Detalle!$A:$A,$B$3,Detalle!$B:$B,$A22,Detalle!$D:$D,J$4))/SUMIFS(Detalle!$H:$H,Detalle!$A:$A,$B$3,Detalle!$B:$B,$A22,Detalle!$D:$D,J$4),"0.0%")) -> ▲ nuevo | L22: =SUMIFS(Detalle!$G:$G,Detalle!$A:$A,$B$3,Detalle!$B:$B,$A22,Detalle!$D:$D,L$4) -> 0 | M22: =IF(SUMIFS(Detalle!$H:$H,Detalle!$A:$A,$B$3,Detalle!$B:$B,$A22,Detalle!$D:$D,L$4)<=0,IF(L22>0,"▲ nuevo","="),IF(L22>SUMIFS(Detalle!$H:$H,Detalle!$A:$A,$B$3,Detalle!$B:$B,$A22,Detalle!$D:$D,L$4),"▲",IF(L22<SUMIFS(Detalle!$H:$H,Detalle!$A:$A,$B$3,Detalle!$B:$B,$A22,Detalle!$D:$D,L$4),"▼","="))&" "&TEXT((L22-SUMIFS(Detalle!$H:$H,Detalle!$A:$A,$B$3,Detalle!$B:$B,$A22,Detalle!$D:$D,L$4))/SUMIFS(Detalle!$H:$H,Detalle!$A:$A,$B$3,Detalle!$B:$B,$A22,Detalle!$D:$D,L$4),"0.0%")) -> ▼ -100.0% | N22: =SUMIFS(Detalle!$G:$G,Detalle!$A:$A,$B$3,Detalle!$B:$B,$A22,Detalle!$D:$D,N$4) -> 0 | O22: =IF(SUMIFS(Detalle!$H:$H,Detalle!$A:$A,$B$3,Detalle!$B:$B,$A22,Detalle!$D:$D,N$4)<=0,IF(N22>0,"▲ nuevo","="),IF(N22>SUMIFS(Detalle!$H:$H,Detalle!$A:$A,$B$3,Detalle!$B:$B,$A22,Detalle!$D:$D,N$4),"▲",IF(N22<SUMIFS(Detalle!$H:$H,Detalle!$A:$A,$B$3,Detalle!$B:$B,$A22,Detalle!$D:$D,N$4),"▼","="))&" "&TEXT((N22-SUMIFS(Detalle!$H:$H,Detalle!$A:$A,$B$3,Detalle!$B:$B,$A22,Detalle!$D:$D,N$4))/SUMIFS(Detalle!$H:$H,Detalle!$A:$A,$B$3,Detalle!$B:$B,$A22,Detalle!$D:$D,N$4),"0.0%")) -> = | P22: =SUMIFS(Detalle!$G:$G,Detalle!$A:$A,$B$3,Detalle!$B:$B,$A22,Detalle!$D:$D,P$4) -> 219.28 | Q22: =IF(SUMIFS(Detalle!$H:$H,Detalle!$A:$A,$B$3,Detalle!$B:$B,$A22,Detalle!$D:$D,P$4)<=0,IF(P22>0,"▲ nuevo","="),IF(P22>SUMIFS(Detalle!$H:$H,Detalle!$A:$A,$B$3,Detalle!$B:$B,$A22,Detalle!$D:$D,P$4),"▲",IF(P22<SUMIFS(Detalle!$H:$H,Detalle!$A:$A,$B$3,Detalle!$B:$B,$A22,Detalle!$D:$D,P$4),"▼","="))&" "&TEXT((P22-SUMIFS(Detalle!$H:$H,Detalle!$A:$A,$B$3,Detalle!$B:$B,$A22,Detalle!$D:$D,P$4))/SUMIFS(Detalle!$H:$H,Detalle!$A:$A,$B$3,Detalle!$B:$B,$A22,Detalle!$D:$D,P$4),"0.0%")) -> ▲ nuevo
A23: TOTAL MINORISTA | B23: =SUMIFS(Detalle!$G:$G,Detalle!$A:$A,"Total",Detalle!$B:$B,"Minorista",Detalle!$D:$D,B$4) -> 11227031 | C23: =IF(SUMIFS(Detalle!$H:$H,Detalle!$A:$A,"Total",Detalle!$B:$B,"Minorista",Detalle!$D:$D,B$4)<=0,IF(B23>0,"▲ nuevo","="),IF(B23>SUMIFS(Detalle!$H:$H,Detalle!$A:$A,"Total",Detalle!$B:$B,"Minorista",Detalle!$D:$D,B$4),"▲",IF(B23<SUMIFS(Detalle!$H:$H,Detalle!$A:$A,"Total",Detalle!$B:$B,"Minorista",Detalle!$D:$D,B$4),"▼","="))&" "&TEXT((B23-SUMIFS(Detalle!$H:$H,Detalle!$A:$A,"Total",Detalle!$B:$B,"Minorista",Detalle!$D:$D,B$4))/SUMIFS(Detalle!$H:$H,Detalle!$A:$A,"Total",Detalle!$B:$B,"Minorista",Detalle!$D:$D,B$4),"0.0%")) -> ▼ -3.3% | D23: =SUMIFS(Detalle!$G:$G,Detalle!$A:$A,"Total",Detalle!$B:$B,"Minorista",Detalle!$D:$D,D$4) -> 11920827 | E23: =IF(SUMIFS(Detalle!$H:$H,Detalle!$A:$A,"Total",Detalle!$B:$B,"Minorista",Detalle!$D:$D,D$4)<=0,IF(D23>0,"▲ nuevo","="),IF(D23>SUMIFS(Detalle!$H:$H,Detalle!$A:$A,"Total",Detalle!$B:$B,"Minorista",Detalle!$D:$D,D$4),"▲",IF(D23<SUMIFS(Detalle!$H:$H,Detalle!$A:$A,"Total",Detalle!$B:$B,"Minorista",Detalle!$D:$D,D$4),"▼","="))&" "&TEXT((D23-SUMIFS(Detalle!$H:$H,Detalle!$A:$A,"Total",Detalle!$B:$B,"Minorista",Detalle!$D:$D,D$4))/SUMIFS(Detalle!$H:$H,Detalle!$A:$A,"Total",Detalle!$B:$B,"Minorista",Detalle!$D:$D,D$4),"0.0%")) -> ▲ 6.2% | F23: =SUMIFS(Detalle!$G:$G,Detalle!$A:$A,"Total",Detalle!$B:$B,"Minorista",Detalle!$D:$D,F$4) -> 13229334 | G23: =IF(SUMIFS(Detalle!$H:$H,Detalle!$A:$A,"Total",Detalle!$B:$B,"Minorista",Detalle!$D:$D,F$4)<=0,IF(F23>0,"▲ nuevo","="),IF(F23>SUMIFS(Detalle!$H:$H,Detalle!$A:$A,"Total",Detalle!$B:$B,"Minorista",Detalle!$D:$D,F$4),"▲",IF(F23<SUMIFS(Detalle!$H:$H,Detalle!$A:$A,"Total",Detalle!$B:$B,"Minorista",Detalle!$D:$D,F$4),"▼","="))&" "&TEXT((F23-SUMIFS(Detalle!$H:$H,Detalle!$A:$A,"Total",Detalle!$B:$B,"Minorista",Detalle!$D:$D,F$4))/SUMIFS(Detalle!$H:$H,Detalle!$A:$A,"Total",Detalle!$B:$B,"Minorista",Detalle!$D:$D,F$4),"0.0%")) -> ▲ 11.0% | H23: =SUMIFS(Detalle!$G:$G,Detalle!$A:$A,"Total",Detalle!$B:$B,"Minorista",Detalle!$D:$D,H$4) -> 11923421 | I23: =IF(SUMIFS(Detalle!$H:$H,Detalle!$A:$A,"Total",Detalle!$B:$B,"Minorista",Detalle!$D:$D,H$4)<=0,IF(H23>0,"▲ nuevo","="),IF(H23>SUMIFS(Detalle!$H:$H,Detalle!$A:$A,"Total",Detalle!$B:$B,"Minorista",Detalle!$D:$D,H$4),"▲",IF(H23<SUMIFS(Detalle!$H:$H,Detalle!$A:$A,"Total",Detalle!$B:$B,"Minorista",Detalle!$D:$D,H$4),"▼","="))&" "&TEXT((H23-SUMIFS(Detalle!$H:$H,Detalle!$A:$A,"Total",Detalle!$B:$B,"Minorista",Detalle!$D:$D,H$4))/SUMIFS(Detalle!$H:$H,Detalle!$A:$A,"Total",Detalle!$B:$B,"Minorista",Detalle!$D:$D,H$4),"0.0%")) -> ▼ -9.9% | J23: =SUMIFS(Detalle!$G:$G,Detalle!$A:$A,"Total",Detalle!$B:$B,"Minorista",Detalle!$D:$D,J$4) -> 12320136 | K23: =IF(SUMIFS(Detalle!$H:$H,Detalle!$A:$A,"Total",Detalle!$B:$B,"Minorista",Detalle!$D:$D,J$4)<=0,IF(J23>0,"▲ nuevo","="),IF(J23>SUMIFS(Detalle!$H:$H,Detalle!$A:$A,"Total",Detalle!$B:$B,"Minorista",Detalle!$D:$D,J$4),"▲",IF(J23<SUMIFS(Detalle!$H:$H,Detalle!$A:$A,"Total",Detalle!$B:$B,"Minorista",Detalle!$D:$D,J$4),"▼","="))&" "&TEXT((J23-SUMIFS(Detalle!$H:$H,Detalle!$A:$A,"Total",Detalle!$B:$B,"Minorista",Detalle!$D:$D,J$4))/SUMIFS(Detalle!$H:$H,Detalle!$A:$A,"Total",Detalle!$B:$B,"Minorista",Detalle!$D:$D,J$4),"0.0%")) -> ▲ 3.3% | L23: =SUMIFS(Detalle!$G:$G,Detalle!$A:$A,"Total",Detalle!$B:$B,"Minorista",Detalle!$D:$D,L$4) -> 11367430 | M23: =IF(SUMIFS(Detalle!$H:$H,Detalle!$A:$A,"Total",Detalle!$B:$B,"Minorista",Detalle!$D:$D,L$4)<=0,IF(L23>0,"▲ nuevo","="),IF(L23>SUMIFS(Detalle!$H:$H,Detalle!$A:$A,"Total",Detalle!$B:$B,"Minorista",Detalle!$D:$D,L$4),"▲",IF(L23<SUMIFS(Detalle!$H:$H,Detalle!$A:$A,"Total",Detalle!$B:$B,"Minorista",Detalle!$D:$D,L$4),"▼","="))&" "&TEXT((L23-SUMIFS(Detalle!$H:$H,Detalle!$A:$A,"Total",Detalle!$B:$B,"Minorista",Detalle!$D:$D,L$4))/SUMIFS(Detalle!$H:$H,Detalle!$A:$A,"Total",Detalle!$B:$B,"Minorista",Detalle!$D:$D,L$4),"0.0%")) -> ▼ -7.7% | N23: =SUMIFS(Detalle!$G:$G,Detalle!$A:$A,"Total",Detalle!$B:$B,"Minorista",Detalle!$D:$D,N$4) -> 11290560 | O23: =IF(SUMIFS(Detalle!$H:$H,Detalle!$A:$A,"Total",Detalle!$B:$B,"Minorista",Detalle!$D:$D,N$4)<=0,IF(N23>0,"▲ nuevo","="),IF(N23>SUMIFS(Detalle!$H:$H,Detalle!$A:$A,"Total",Detalle!$B:$B,"Minorista",Detalle!$D:$D,N$4),"▲",IF(N23<SUMIFS(Detalle!$H:$H,Detalle!$A:$A,"Total",Detalle!$B:$B,"Minorista",Detalle!$D:$D,N$4),"▼","="))&" "&TEXT((N23-SUMIFS(Detalle!$H:$H,Detalle!$A:$A,"Total",Detalle!$B:$B,"Minorista",Detalle!$D:$D,N$4))/SUMIFS(Detalle!$H:$H,Detalle!$A:$A,"Total",Detalle!$B:$B,"Minorista",Detalle!$D:$D,N$4),"0.0%")) -> ▼ -0.7% | P23: =SUMIFS(Detalle!$G:$G,Detalle!$A:$A,"Total",Detalle!$B:$B,"Minorista",Detalle!$D:$D,P$4) -> 11477013 | Q23: =IF(SUMIFS(Detalle!$H:$H,Detalle!$A:$A,"Total",Detalle!$B:$B,"Minorista",Detalle!$D:$D,P$4)<=0,IF(P23>0,"▲ nuevo","="),IF(P23>SUMIFS(Detalle!$H:$H,Detalle!$A:$A,"Total",Detalle!$B:$B,"Minorista",Detalle!$D:$D,P$4),"▲",IF(P23<SUMIFS(Detalle!$H:$H,Detalle!$A:$A,"Total",Detalle!$B:$B,"Minorista",Detalle!$D:$D,P$4),"▼","="))&" "&TEXT((P23-SUMIFS(Detalle!$H:$H,Detalle!$A:$A,"Total",Detalle!$B:$B,"Minorista",Detalle!$D:$D,P$4))/SUMIFS(Detalle!$H:$H,Detalle!$A:$A,"Total",Detalle!$B:$B,"Minorista",Detalle!$D:$D,P$4),"0.0%")) -> ▲ 1.7%
A24: Control: suma de filas − total (debe ser 0) | B24: =ROUND(SUM(B6:B22)-B23,0) -> 0 | D24: =ROUND(SUM(D6:D22)-D23,0) -> 0 | F24: =ROUND(SUM(F6:F22)-F23,0) -> 0 | H24: =ROUND(SUM(H6:H22)-H23,0) -> 0 | J24: =ROUND(SUM(J6:J22)-J23,0) -> 0 | L24: =ROUND(SUM(L6:L22)-L23,0) -> 0 | N24: =ROUND(SUM(N6:N22)-N23,0) -> 0 | P24: =ROUND(SUM(P6:P22)-P23,0) -> 0

Sheet Detalle
A1: Dimension | B1: Item | C1: Semana | D1: SemanaInicio | E1: VentasReal | F1: VentasEstimado | G1: Ventas | H1: VentasSemanaAnterior | I1: VarPct | J1: Tendencia | K1: Estado
A2: Total | B2: Minorista | C2: Sem 35 (24/08) | D2: 46258 | E2: 11227031 | F2: 0 | G2: =E2+F2 -> 11227031 | H2: 11615566 | I2: =IF(H2>0,(G2-H2)/H2,"") -> -0.033449445 | J2: =IF(G2>H2,"▲",IF(G2<H2,"▼","=")) -> ▼ | K2: Cerrada
A3: Total | B3: Minorista | C3: Sem 36 (31/08) | D3: 46265 | E3: 11920827 | F3: 0 | G3: =E3+F3 -> 11920827 | H3: 11227031 | I3: =IF(H3>0,(G3-H3)/H3,"") -> 0.061796919 | J3: =IF(G3>H3,"▲",IF(G3<H3,"▼","=")) -> ▲ | K3: Cerrada
A4: Total | B4: Minorista | C4: Sem 37 (07/09) | D4: 46272 | E4: 13229334 | F4: 0 | G4: =E4+F4 -> 13229334 | H4: 11920827 | I4: =IF(H4>0,(G4-H4)/H4,"") -> 0.10976639 | J4: =IF(G4>H4,"▲",IF(G4<H4,"▼","=")) -> ▲ | K4: Cerrada
A5: Total | B5: Minorista | C5: Sem 38 (14/09) | D5: 46279 | E5: 11923421 | F5: 0 | G5: =E5+F5 -> 11923421 | H5: 13229334 | I5: =IF(H5>0,(G5-H5)/H5,"") -> -0.098713402 | J5: =IF(G5>H5,"▲",IF(G5<H5,"▼","=")) -> ▼ | K5: Cerrada
A6: Total | B6: Minorista | C6: Sem 39 (21/09) | D6: 46286 | E6: 12320136 | F6: 0 | G6: =E6+F6 -> 12320136 | H6: 11923421 | I6: =IF(H6>0,(G6-H6)/H6,"") -> 0.033271881 | J6: =IF(G6>H6,"▲",IF(G6<H6,"▼","=")) -> ▲ | K6: Cerrada
A7: Total | B7: Minorista | C7: Sem 40 (28/09) | D7: 46293 | E7: 11367430 | F7: 0 | G7: =E7+F7 -> 11367430 | H7: 12320136 | I7: =IF(H7>0,(G7-H7)/H7,"") -> -0.077329173 | J7: =IF(G7>H7,"▲",IF(G7<H7,"▼","=")) -> ▼ | K7: Cerrada
A8: Total | B8: Minorista | C8: Sem 41 (05/10) | D8: 46300 | E8: 11290560 | F8: 0 | G8: =E8+F8 -> 11290560 | H8: 11367430 | I8: =IF(H8>0,(G8-H8)/H8,"") -> -0.0067622586 | J8: =IF(G8>H8,"▲",IF(G8<H8,"▼","=")) -> ▼ | K8: Cerrada
A9: Total | B9: Minorista | C9: Sem 42 (12/10) | D9: 46307 | E9: 7759979.8 | F9: 3717033.5 | G9: =E9+F9 -> 11477013 | H9: 11290560 | I9: =IF(H9>0,(G9-H9)/H9,"") -> 0.016514057 | J9: =IF(G9>H9,"▲",IF(G9<H9,"▼","=")) -> ▲ | K9: Estimada
A10: Centro | B10: Centro Azua | C10: Sem 35 (24/08) | D10: 46258 | E10: 6045346.1 | F10: 0 | G10: =E10+F10 -> 6045346.1 | H10: 6226177.5 | I10: =IF(H10>0,(G10-H10)/H10,"") -> -0.029043724 | J10: =IF(G10>H10,"▲",IF(G10<H10,"▼","=")) -> ▼ | K10: Cerrada
A11: Centro | B11: Centro Azua | C11: Sem 36 (31/08) | D11: 46265 | E11: 6500363.4 | F11: 0 | G11: =E11+F11 -> 6500363.4 | H11: 6045346.1 | I11: =IF(H11>0,(G11-H11)/H11,"") -> 0.075267366 | J11: =IF(G11>H11,"▲",IF(G11<H11,"▼","=")) -> ▲ | K11: Cerrada
A12: Centro | B12: Centro Azua | C12: Sem 37 (07/09) | D12: 46272 | E12: 7083336.4 | F12: 0 | G12: =E12+F12 -> 7083336.4 | H12: 6500363.4 | I12: =IF(H12>0,(G12-H12)/H12,"") -> 0.089683135 | J12: =IF(G12>H12,"▲",IF(G12<H12,"▼","=")) -> ▲ | K12: Cerrada
A13: Centro | B13: Centro Azua | C13: Sem 38 (14/09) | D13: 46279 | E13: 6238437.3 | F13: 0 | G13: =E13+F13 -> 6238437.3 | H13: 7083336.4 | I13: =IF(H13>0,(G13-H13)/H13,"") -> -0.11927982 | J13: =IF(G13>H13,"▲",IF(G13<H13,"▼","=")) -> ▼ | K13: Cerrada
... A217: Suplidor | B217: Pimentel & Co. SRL | C217: Sem 42 (12/10) | D217: 46307 | E217: 22528 | F217: 16074.52 | G217: =E217+F217 -> 38602.52 | H217: 11739.2 | I217: =IF(H217>0,(G217-H217)/H217,"") -> 2.2883433 | J217: =IF(G217>H217,"▲",IF(G217<H217,"▼","=")) -> ▲ | K217: Estimada

Sheet Notas
A1: Ventas semanales — Canal Minorista (desde Pedidos)
A2: Generado el 15/10/2026 desde MovilBusiness5STD (solo lectura). Script: SQL\VentasSemanalesMinorista_Pedidos.sql
A4: Definiciones
A5: • Fuente: VWPedidos + VWPedidosDetalle, PedEstatus IN (2 Transmitido, 7 Pend. Autorización, 11 Facturado y enviado al ERP).
A6: • Monto: SUM(PedCantidad × (PedPrecio − PedDescuento)) — neto, sin ITBIS.
A7: • Canal Minorista: canal del CLIENTE (Clientes.CanID) cuya descripción empieza con 'Minorista' (2000, 4000, 5000, 6000, 9000).
A8: • Excluidos por pedido del usuario: supervisor S111 (Rudy Mercedes) y S13 (Cristiano Perez – Tradicional).
A9: • Centro y Supervisor: del representante que tomó el pedido (asignación actual). Suplidor: Productos.Cat3ID → Categoria3.
A10: • Semana: lunes a domingo. Se muestran 8 semanas; la primera se compara contra una 9.ª semana traída solo para eso.
A12: Semana actual (estimada)
A13: • Días anteriores a hoy: venta real. Hoy: el mayor entre lo real a la hora de corrida y el promedio de ese día de la semana.
A14: • Días restantes: promedio del mismo día de semana en las últimas 4 semanas completas (se divide entre 4 aunque ese día no haya vendido).
... A21: • Fila 'Control' de cada hoja: suma de filas − total del canal; debe dar 0.
