Workbook

Sheet Portada
B2: CENSO DE CLIENTES — AGROVETERINARIAS
B3: AM Comercial · Proyecto Distribución Rufo / Alimiau (CMI Alimentos)
B4: Región: Distrito Nacional · Gran Santo Domingo · Monte Plata · Toda la Zona Sur (San Cristóbal a Pedernales)
B6: OBJETIVO
B7: Censar todos los puntos de venta del canal Agroveterinaria, Pet Shop, Veterinaria y Colmado Grande con sección mascota en las 14 provincias de operatividad de AM Comercial, para mapear cobertura, asignar vendedores y definir estrategia de penetración para Rufo y Alimiau (CMI).
B9: ESTRUCTURA DEL ARCHIVO
B10: • CENSO: Hoja maestra. Aquí trabajan los vendedores. Filtros por Provincia, Municipio, Vendedor y Clasificación. • Catálogos: Listas maestras (Provincias, Municipios, Vendedores, Tipos de Negocio) que alimentan los desplegables. • Portafolio CMI: Marcas y SKUs Rufo / Alimiau disponibles en RD para referencia del vendedor. • Clasificación A-B-C-D: Criterios objetivos para clasificar cada punto. • Resumen: KPIs automáticos (clientes por provincia, por clasificación, % cobertura). • Seed Inicial: Lista preliminar de cadenas/puntos públicamente conocidos (REQUIERE VALIDACIÓN EN CAMPO).
B12: REGLAS DE LLENADO (CRÍTICO)
B13: 1. RNC/Cédula: validar SIEMPRE en DGII (https://dgii.gov.do) antes de cargar a sistema. NO inventar. 2. Latitud/Longitud: tomar EN SITIO con Google Maps (mantener pulsado el punto exacto del local). 3. Imagen del cliente: foto de la fachada con el rótulo visible. Subir a OneDrive y pegar el LINK en la celda. 4. Clasificación A/B/C/D: usar los criterios de la hoja 'Clasificación' — NO improvisar. 5. Teléfono: formato 809-000-0000 (dejar fijo, no celular del dueño salvo que sea el del negocio). 6. Estado del Censo: actualizar en cada visita (Pendiente / Visitado / Activo / No interesa / Cerrado).
B15: PORTAFOLIO A OFRECER
B16: RUFO (perros) — Cachorro y Adulto, presentaciones desde 1 lb hasta 44 lb. Línea premium: Rufo PRO (Protein Plus+). ALIMIAU (gatos) — alimento balanceado para felinos, portafolio CMI Alimentos. Fabricante: CMI / Molinos Modernos en RD. Canal objetivo: agroveterinarias, pet shops, veterinarias y colmados grandes.
B18: Preparado por: Rudy — Gerente de Ventas, AM Comercial
B19: Versión 1.0 — Plantilla base para arranque del censo

Sheet Censo
A1: CENSO DE CLIENTES — AGROVETERINARIAS / PET SHOPS / VETERINARIAS / COLMADOS
A2: Hoja de trabajo de campo · Filtra por Provincia, Municipio, Vendedor o Clasificación
A4: ID | B4: Nombre del Negocio (Razón Social) | C4: RNC / Cédula | D4: Tipo de Negocio | E4: Dirección (Calle y Nº) | F4: Barrio | G4: Sector | H4: Municipio | I4: Provincia | J4: Zona Comercial | K4: Teléfono del Negocio | L4: Nombre del Dueño | M4: Teléfono del Dueño | N4: Latitud | O4: Longitud | P4: Imagen (Link OneDrive) | Q4: Clasificación | R4: Vende Rufo hoy | S4: Marcas Competencia que vende | T4: Vendedor Asignado | U4: Estado del Censo | V4: Fecha Última Visita | W4: Observaciones
A5: 1
A6: 2
A7: 3
A8: 4
A9: 5
A10: 6
A11: 7
A12: 8
A13: 9
A14: 10
A15: 11
A16: 12
... A504: 500

Sheet Resumen
A1: RESUMEN EJECUTIVO — CENSO AGROVETERINARIAS
A3: KPIs GENERALES
A4: Total clientes censados | B4: =COUNTA(Censo!B5:B504) -> 0
A5: Total con RNC validado | B5: =COUNTA(Censo!C5:C504) -> 0
A6: Total con GPS capturado | B6: =COUNTA(Censo!N5:N504) -> 0
A7: Total con foto cargada | B7: =COUNTA(Censo!P5:P504) -> 0
A8: % cobertura GPS | B8: =IFERROR(COUNTA(Censo!N5:N504)/COUNTA(Censo!B5:B504),0) -> 0
A9: % cobertura foto | B9: =IFERROR(COUNTA(Censo!P5:P504)/COUNTA(Censo!B5:B504),0) -> 0
A12: CLIENTES POR CLASIFICACIÓN
A13: A — Cliente clave | B13: =COUNTIF(Censo!Q5:Q504,"A") -> 0
A14: B — Cliente importante | B14: =COUNTIF(Censo!Q5:Q504,"B") -> 0
A15: C — Cliente regular | B15: =COUNTIF(Censo!Q5:Q504,"C") -> 0
A16: D — Cliente pequeño | B16: =COUNTIF(Censo!Q5:Q504,"D") -> 0
A17: Sin clasificar | B17: =COUNTIF(Censo!Q5:Q504,"Sin clasificar") -> 0
A20: CLIENTES POR PROVINCIA
A21: Distrito Nacional | B21: =COUNTIF(Censo!I5:I504,"Distrito Nacional") -> 0
A22: Santo Domingo | B22: =COUNTIF(Censo!I5:I504,"Santo Domingo") -> 0
A23: San Cristóbal | B23: =COUNTIF(Censo!I5:I504,"San Cristóbal") -> 0
A24: Monte Plata | B24: =COUNTIF(Censo!I5:I504,"Monte Plata") -> 0
A25: Peravia | B25: =COUNTIF(Censo!I5:I504,"Peravia") -> 0
A26: San José de Ocoa | B26: =COUNTIF(Censo!I5:I504,"San José de Ocoa") -> 0
A27: Azua | B27: =COUNTIF(Censo!I5:I504,"Azua") -> 0
A28: Barahona | B28: =COUNTIF(Censo!I5:I504,"Barahona") -> 0
A29: Pedernales | B29: =COUNTIF(Censo!I5:I504,"Pedernales") -> 0
A30: Independencia | B30: =COUNTIF(Censo!I5:I504,"Independencia") -> 0
A31: Bahoruco | B31: =COUNTIF(Censo!I5:I504,"Bahoruco") -> 0
A32: San Juan | B32: =COUNTIF(Censo!I5:I504,"San Juan") -> 0
A33: Elías Piña | B33: =COUNTIF(Censo!I5:I504,"Elías Piña") -> 0
A34: TOTAL | B34: =SUM(B21:B33) -> 0
A37: ESTADO DEL CENSO
A38: Pendiente | B38: =COUNTIF(Censo!U5:U504,"Pendiente") -> 0
A39: Visitado | B39: =COUNTIF(Censo!U5:U504,"Visitado") -> 0
A40: Activo | B40: =COUNTIF(Censo!U5:U504,"Activo") -> 0
A41: Inactivo | B41: =COUNTIF(Censo!U5:U504,"Inactivo") -> 0
A42: No interesa | B42: =COUNTIF(Censo!U5:U504,"No interesa") -> 0
A43: Cerrado | B43: =COUNTIF(Censo!U5:U504,"Cerrado") -> 0
A44: Re-visitar | B44: =COUNTIF(Censo!U5:U504,"Re-visitar") -> 0

Sheet Seed Inicial
A1: SEED INICIAL — PUNTOS DE REFERENCIA PARA ARRANQUE DEL CENSO
A2: ⚠️ IMPORTANTE: Esta lista es de cadenas/establecimientos públicamente conocidos. TODA fila debe ser VALIDADA EN CAMPO por el vendedor (dirección exacta, RNC, teléfono, dueño, GPS). NO cargar a sistema sin validación.
A4: Cadena / Punto | B4: Tipo | C4: Provincia | D4: Zona / Sector aprox. | E4: Notas | F4: Acción del vendedor | G4: Prioridad | H4: Validado en campo (S/N)
A5: Pet shops y veterinarias en Av. Núñez de Cáceres | B5: Pet Shop / Veterinaria | C5: Distrito Nacional | D5: Bella Vista / Los Prados | E5: Zona alta densidad de pet shops | F5: Recorrido a pie + GPS | G5: Alta
A6: Pet shops y veterinarias en Av. Independencia | B6: Pet Shop / Veterinaria | C6: Distrito Nacional | D6: Gazcue / Centro de los Héroes | E6: Zona tradicional veterinaria | F6: Recorrido a pie + GPS | G6: Alta
A7: Pet shops Av. Sarasota / Av. Anacaona | B7: Pet Shop / Veterinaria | C7: Distrito Nacional | D7: Bella Vista / Mirador Sur | E7: Zona alto poder adquisitivo | F7: Recorrido | G7: Alta
A8: Veterinarias y agroveterinarias Villa Mella | B8: Agroveterinaria / Veterinaria | C8: Santo Domingo | D8: Santo Domingo Norte | E8: Zona popular alto volumen mascota | F8: Censo barrio por barrio | G8: Alta
A9: Agroveterinarias Los Alcarrizos | B9: Agroveterinaria | C9: Santo Domingo | D9: Los Alcarrizos centro | E9: Zona densamente poblada | F9: Censo en av. principal | G9: Alta
A10: Agroveterinarias Mercado Nuevo / Villa Consuelo | B10: Agroveterinaria | C10: Distrito Nacional | D10: Villa Consuelo | E10: Concentración tradicional de agroveterinarias | F10: Censo a pie | G10: Alta
A11: Agroveterinarias zona Mercado Modelo | B11: Agroveterinaria | C11: Distrito Nacional | D11: Centro Histórico | E11: Zona comercial tradicional | F11: Censo a pie | G11: Media
A12: Agroveterinarias en San Cristóbal centro | B12: Agroveterinaria | C12: San Cristóbal | D12: Calle General Cabral / centro ciudad | E12: Zona urbana principal de la provincia | F12: Censo en eje principal | G12: Alta
A13: Agroveterinarias Bajos de Haina | B13: Agroveterinaria | C13: San Cristóbal | D13: Centro Haina | E13: Zona industrial + popular | F13: Censo | G13: Media
A14: Agroveterinarias Villa Altagracia | B14: Agroveterinaria | C14: San Cristóbal | D14: Centro Villa Altagracia | E14: Cabecera municipal | F14: Censo | G14: Media
A15: Agroveterinarias Baní centro | B15: Agroveterinaria | C15: Peravia | D15: Calle Mella / Sánchez | E15: Cabecera provincial principal del Sur | F15: Censo en eje comercial | G15: Alta
A16: Agroveterinarias Azua centro | B16: Agroveterinaria | C16: Azua | D16: Centro Azua | E16: Cabecera provincial, paso obligado al Sur profundo | F16: Censo eje principal | G16: Alta
... A25: Agroveterinarias San José de Ocoa | B25: Agroveterinaria | C25: San José de Ocoa | D25: Centro Ocoa | E25: Zona agrícola-ganadera | F25: Censo | G25: Media

Sheet Catalogos
A1: PROVINCIA | B1: MUNICIPIO | D1: TIPO DE NEGOCIO | F1: CLASIFICACIÓN | H1: ESTADO CENSO | J1: ZONA COMERCIAL | L1: VENDE RUFO HOY | N1: LISTA_PROVINCIAS | P1: VENDEDORES (reemplazar con nombres reales)
A2: Distrito Nacional | B2: Santo Domingo de Guzmán | D2: Agroveterinaria | F2: A | H2: Pendiente | J2: Distrito Nacional | L2: Sí | N2: Distrito Nacional | P2: GSD-Vendedor 01
A3: Santo Domingo | B3: Santo Domingo Este | D3: Pet Shop | F3: B | H3: Visitado | J3: Gran Santo Domingo | L3: No | N3: Santo Domingo | P3: GSD-Vendedor 02
A4: Santo Domingo | B4: Santo Domingo Norte | D4: Veterinaria | F4: C | H4: Activo | J4: Monte Plata | L4: Por confirmar | N4: San Cristóbal | P4: GSD-Vendedor 03
A5: Santo Domingo | B5: Santo Domingo Oeste | D5: Colmado Grande c/ Sección Mascota | F5: D | H5: Inactivo | J5: Sur Cercano | N5: Monte Plata | P5: GSD-Vendedor 04
A6: Santo Domingo | B6: Boca Chica | D6: Supermercado | F6: Sin clasificar | H6: No interesa | J6: Sur Profundo | N6: Peravia | P6: GSD-Vendedor 05
A7: Santo Domingo | B7: Los Alcarrizos | D7: Mayorista | H7: Cerrado | N7: San José de Ocoa | P7: GSD-Vendedor 06
A8: Santo Domingo | B8: Pedro Brand | D8: Otro | H8: Re-visitar | N8: Azua | P8: GSD-Vendedor 07
A9: Santo Domingo | B9: San Antonio de Guerra | N9: Barahona | P9: GSD-Vendedor 08
A10: San Cristóbal | B10: San Cristóbal | N10: Pedernales | P10: GSD-Vendedor 09
A11: San Cristóbal | B11: Bajos de Haina | N11: Independencia | P11: GSD-Vendedor 10
A12: San Cristóbal | B12: Cambita Garabitos | N12: Bahoruco | P12: GSD-Vendedor 11
A13: San Cristóbal | B13: Los Cacaos | N13: San Juan | P13: GSD-Vendedor 12
A14: San Cristóbal | B14: Sabana Grande de Palenque | N14: Elías Piña | P14: GSD-Vendedor 13
A15: San Cristóbal | B15: San Gregorio de Nigua | P15: GSD-Vendedor 14
A16: San Cristóbal | B16: Villa Altagracia | P16: GSD-Vendedor 15
A17: San Cristóbal | B17: Yaguate | P17: GSD-Vendedor 16
A18: Monte Plata | B18: Monte Plata | P18: GSD-Vendedor 17
A19: Monte Plata | B19: Bayaguana | P19: GSD-Vendedor 18
A20: Monte Plata | B20: Sabana Grande de Boyá | P20: GSD-Vendedor 19
A21: Monte Plata | B21: Yamasá | P21: GSD-Vendedor 20
A22: Monte Plata | B22: Peralvillo | P22: GSD-Vendedor 21
A23: Peravia | B23: Baní | P23: GSD-Vendedor 22
A24: Peravia | B24: Nizao | P24: GSD-Vendedor 23
A25: San José de Ocoa | B25: San José de Ocoa | P25: GSD-Vendedor 24
A26: San José de Ocoa | B26: Rancho Arriba | P26: GSD-Vendedor 25
... A50: NOTA: Esta hoja alimenta los desplegables de la hoja CENSO. Si agregas más opciones, expande el rango en el Data Validation. | B50: Oviedo | P50: MAY-GSD Vendedor 01
A51: Independencia | B51: Jimaní
A52: Independencia | B52: Cristóbal
A53: Independencia | B53: Duvergé
A54: Independencia | B54: La Descubierta
A55: Independencia | B55: Mella
A56: Independencia | B56: Postrer Río
A57: Bahoruco | B57: Neiba
A58: Bahoruco | B58: Galván
A59: Bahoruco | B59: Los Ríos
A60: Bahoruco | B60: Tamayo
A61: Bahoruco | B61: Villa Jaragua
A62: San Juan | B62: San Juan de la Maguana
... A73: Elías Piña | B73: Pedro Santana

Sheet Portafolio CMI
A1: PORTAFOLIO CMI ALIMENTOS — MASCOTAS (REPÚBLICA DOMINICANA)
A3: Marca | B3: Categoría | C3: Producto / Línea | D3: Presentaciones | E3: Segmento | F3: Notas comerciales
A4: Rufo | B4: Perros | C4: Rufo Cachorro | D4: 420 g, 2.2 lb, 4.4 lb, 8.8 lb, 44 lb | E4: Mainstream / Masivo | F4: Para perros 0-12 meses. Disponible hasta colmados.
A5: Rufo | B5: Perros | C5: Rufo Adulto | D5: 1 lb, 2.2 lb, 4.4 lb, 8.8 lb, 44 lb | E5: Mainstream / Masivo | F5: Para perros desde 1 año. Producto base de la marca.
A6: Rufo PRO | B6: Perros | C6: Rufo PRO (Protein Plus+) | D6: Saco de presentación premium | E6: Premium / Superior | F6: Fórmula con probióticos, vegetales, yuca. Protege órganos vitales.
A7: Alimiau | B7: Gatos | C7: Alimiau (línea base) | D7: Por confirmar con CMI | E7: Mainstream | F7: Alimento balanceado para gatos. Confirmar SKUs vigentes en RD con Molinos Modernos.
A10: FABRICANTE Y CONTACTO
A11: Empresa local: | B11: Molinos Modernos Dominicana (CMI Alimentos / Corporación Multi Inversiones)
A12: Dirección: | B12: Av. Máximo Gómez, Santo Domingo
A13: Teléfono: | B13: 809-788-2222 (verificar opción comercial)
A14: Web RD: | B14: rd.molinosmodernosenlinea.com
A15: Categoría AM Comercial: | B15: Pet Food — Canal Tradicional + Especializado
A18: COMPETENCIA EN RD (referencia para el vendedor)
A19: Perros — masivo: | B19: Pedigree, Dog Chow, Chunky, Campeón, Ultracan, Nutreco/Vitaloss
A20: Perros — premium: | B20: Royal Canin, Hill's Science Diet, Pro Plan, Eukanuba, Diamond
A21: Gatos — masivo: | B21: Whiskas, Cat Chow, Friskies, Campeón Gato
A22: Gatos — premium: | B22: Royal Canin Feline, Hill's, Pro Plan Cat

Sheet Clasificacion
A1: CRITERIOS DE CLASIFICACIÓN A / B / C / D
A3: Método: Tamaño del local + Tráfico + Surtido visible (3 dimensiones, sumar puntaje)
A5: Dimensión | B5: 1 punto (Bajo) | C5: 2 puntos (Medio) | D5: 3 puntos (Alto) | E5: Cómo medir
A6: Tamaño del local | B6: < 30 m² (puesto/módulo) | C6: 30 - 80 m² (local mediano) | D6: > 80 m² (local amplio / multi-rubro) | E6: Estimación visual del vendedor (m² de área de venta)
A7: Tráfico de clientes | B7: Bajo (< 30 clientes/día) | C7: Medio (30 - 100 clientes/día) | D7: Alto (> 100 clientes/día) | E7: Observación en horario pico (10am-12m / 4pm-7pm)
A8: Surtido visible de mascotas | B8: 1 marca o solo bulto suelto | C8: 2-4 marcas, varias presentaciones | D8: 5+ marcas, bulto + libra + accesorios | E8: Conteo de SKUs en góndola/exhibición de mascotas
A11: EQUIVALENCIA PUNTAJE TOTAL → CLASIFICACIÓN
A12: Puntaje Total (suma 3 dimensiones) | B12: Clasificación | C12: Perfil esperado | D12: Frecuencia visita sugerida | E12: Color
A13: 8 - 9 puntos | B13: A | C13: Cliente clave / alto volumen | D13: Semanal
A14: 6 - 7 puntos | B14: B | C14: Cliente importante / volumen medio-alto | D14: Quincenal
A15: 4 - 5 puntos | B15: C | C15: Cliente regular / volumen medio-bajo | D15: Mensual
A16: 3 puntos | B16: D | C16: Cliente pequeño / esporádico | D16: Bimestral o por demanda
A19: NOTA: Esta clasificación es PRELIMINAR (basada en observación). Tras 3 meses de venta efectiva, RECLASIFICAR usando el monto de compra mensual real (criterio cuantitativo objetivo) cruzando con tu BD de ventas de AM Comercial.
