Workbook

Sheet Resumen
B2: Reasignacion de clientes al vendedor 185 (MiniMarket)
B3: Promedio de ventas abr-jun 2026 de los clientes reasignados, por vendedor origen y producto
B6: Clientes (union) | D6: Como usar este libro
B7: =COUNTA(Clientes!A:A)-1 -> 179 | D7: - Detalle Vendedor-Producto: una fila por vendedor + producto. Filtra por RepCodigo para mostrarle a cada vendedor solo lo suyo.
B8: 173 en ClientesDetalle, 176 en RutaVisitas (170 en ambas) | D8: - Por Vendedor / Por Suplidor: resumen ya agregado, listo para graficar.
B9: Vendedores origen | D9: - Presupuesto 185: lo que consolidado recibiria el 185 por producto (suma de todos los vendedores origen).
B10: =COUNTA('Por Vendedor'!A:A)-1 -> 31 | D10: - Impacto Presupuesto: compara el promedio a rebajar contra el presupuesto actual de 2026/08 (UNDDPROD) de cada vendedor+producto, y calcula cuanto quedaria.
B11: vendian en estos clientes abr-jun 2026 | D11: - Para pivotear: selecciona la tabla de 'Detalle Vendedor-Producto' o 'Impacto Presupuesto' e inserta una Tabla Dinamica (Insertar > Tabla dinamica).
B12: Productos
B13: =COUNTA('Presupuesto 185'!A:A)-1 -> 137
B14: con promedio mensual > 0 unidades
B15: Unidades / mes prom.
B16: =SUM('Presupuesto 185'!E:E) -> 14906.51
B17: a cargar al 185 (UNDDPROD, 2026/08)
B18: Monto bruto / mes prom.
B19: =SUM('Presupuesto 185'!L:L) -> 1570572.3
B20: sin ITBS, referencia
B21: Presupuesto 185 hoy
B22: 0
B23: 55 filas existentes suman 0
B27: Fuente: VWVentas + VWVentasDetalle (VenEstatus<>0, abr-jun 2026), ClientesDetalle, RutaVisitas, PresupuestosHistoricos (2026/08, UNDDPROD). El valor es de referencia.

Sheet Clientes
A1: CliID | B1: Cliente | C1: En_ClientesDetalle | D1: En_RutaVisitas
A2: 193 | B2: Colmado Progreso | C2: Si | D2: Si
A3: 300 | B3: Mini Market La Prima | C3: Si | D3: Si
A4: 427 | B4: Suoermercado Arias Ayemar | C4: Si | D4: Si
A5: 490 | B5: Almacen el mello | C5: Si | D5: Si
A6: 521 | B6: Colmado Chelo Comercial II | C6: Si | D6: Si
A7: 683 | B7: minimarck Frayner | C7: Si | D7: Si
A8: 767 | B8: almacen la confianza | C8: Si | D8: Si
A9: 883 | B9: Super Jay Import. SRL | C9: Si | D9: Si
A10: 1161 | B10: Surtidor el Brisal | C10: Si | D10: Si
A11: 1266 | B11: Minimarket Jael | C11: Si | D11: Si
A12: 1270 | B12: Colmado ocoeño | C12: Si | D12: Si
A13: 1377 | B13: Mini Market Ramirez | C13: Si | D13: Si
... A180: 87941 | B180: S/M PACIFICO | C180: Si | D180: No

Sheet Detalle Vendedor-Producto
A1: RepCodigo | B1: RepNombre | C1: ProID | D1: ProDescripcion | E1: Suplidor | F1: Unidades | G1: Monto A Rebajhar | H1: UnidadesProm_Mes | I1: MontoBrutoProm_Mes | J1: Variacion
A2: 7 | B2: Antonio Delgado | C2: 101005 | D2: NOS. PLUS TELA AJ SEG 30 X 10 - 120308 | E2: Continental de Negocios | F2: =+ROUNDDOWN(H2*0.8,0) -> 24 | G2: =+(TblDetalle[[#This Row],[MontoBrutoProm_Mes]]/TblDetalle[[#This Row],[UnidadesProm_Mes]])*TblDetalle[[#This Row],[Unidades]] -> 1827.92 | H2: 30 | I2: 2284.9 | J2: =+TblDetalle[[#This Row],[Monto A Rebajhar]]/TblDetalle[[#This Row],[MontoBrutoProm_Mes]] -> 0.8
A3: 7 | B3: Antonio Delgado | C3: 101026 | D3: NOSOTRAS DIARIOS 36 X 15 - 202426 | E3: Continental de Negocios | F3: =+ROUNDDOWN(H3*0.8,0) -> 12 | G3: =+(TblDetalle[[#This Row],[MontoBrutoProm_Mes]]/TblDetalle[[#This Row],[UnidadesProm_Mes]])*TblDetalle[[#This Row],[Unidades]] -> 419.04 | H3: 16 | I3: 558.72 | J3: =+TblDetalle[[#This Row],[Monto A Rebajhar]]/TblDetalle[[#This Row],[MontoBrutoProm_Mes]] -> 0.75
A4: 7 | B4: Antonio Delgado | C4: 101027 | D4: NOSOTRAS INVISIBLES 24X10 - 120152 | E4: Continental de Negocios | F4: =+ROUNDDOWN(H4*0.8,0) -> 12 | G4: =+(TblDetalle[[#This Row],[MontoBrutoProm_Mes]]/TblDetalle[[#This Row],[UnidadesProm_Mes]])*TblDetalle[[#This Row],[Unidades]] -> 930.48 | H4: 16 | I4: 1240.64 | J4: =+TblDetalle[[#This Row],[Monto A Rebajhar]]/TblDetalle[[#This Row],[MontoBrutoProm_Mes]] -> 0.75
A5: 7 | B5: Antonio Delgado | C5: 101028 | D5: NOSOTRAS BUENAS NOCHE NATURAL 18 X (10 U ) - 200678 | E5: Continental de Negocios | F5: =+ROUNDDOWN(H5*0.8,0) -> 14 | G5: =+(TblDetalle[[#This Row],[MontoBrutoProm_Mes]]/TblDetalle[[#This Row],[UnidadesProm_Mes]])*TblDetalle[[#This Row],[Unidades]] -> 1388.1 | H5: 18 | I5: 1784.7 | J5: =+TblDetalle[[#This Row],[Monto A Rebajhar]]/TblDetalle[[#This Row],[MontoBrutoProm_Mes]] -> 0.77777778
A6: 7 | B6: Antonio Delgado | C6: 101038 | D6: NOSOTRAS BUENAS NOCHES TELA 10 X ( 40 U ) - 200679 | E6: Continental de Negocios | F6: =+ROUNDDOWN(H6*0.8,0) -> 2 | G6: =+(TblDetalle[[#This Row],[MontoBrutoProm_Mes]]/TblDetalle[[#This Row],[UnidadesProm_Mes]])*TblDetalle[[#This Row],[Unidades]] -> 729.54955 | H6: 3.33 | I6: 1214.7 | J6: =+TblDetalle[[#This Row],[Monto A Rebajhar]]/TblDetalle[[#This Row],[MontoBrutoProm_Mes]] -> 0.6006006
A7: 7 | B7: Antonio Delgado | C7: 103208 | D7: TOAL.COCI. PRAC. JUMBO P 12X1 150H FSC-M - 202380 | E7: Continental de Negocios | F7: =+ROUNDDOWN(H7*0.8,0) -> 6 | G7: =+(TblDetalle[[#This Row],[MontoBrutoProm_Mes]]/TblDetalle[[#This Row],[UnidadesProm_Mes]])*TblDetalle[[#This Row],[Unidades]] -> 461.34 | H7: 8 | I7: 615.12 | J7: =+TblDetalle[[#This Row],[Monto A Rebajhar]]/TblDetalle[[#This Row],[MontoBrutoProm_Mes]] -> 0.75
A8: 7 | B8: Antonio Delgado | C8: 201001 | D8: REFISAL FUNDAS REFINADA 25 UNIDS - 100102008 | E8: Brinsa Dominicana | F8: =+ROUNDDOWN(H8*0.8,0) -> 8 | G8: =+(TblDetalle[[#This Row],[MontoBrutoProm_Mes]]/TblDetalle[[#This Row],[UnidadesProm_Mes]])*TblDetalle[[#This Row],[Unidades]] -> 1941.84 | H8: 10 | I8: 2427.3 | J8: =+TblDetalle[[#This Row],[Monto A Rebajhar]]/TblDetalle[[#This Row],[MontoBrutoProm_Mes]] -> 0.8
A9: 7 | B9: Antonio Delgado | C9: 501000 | D9: BLANCOX PODER NAT. SACHET 150 ML x 124 unid Display 30 SOBRES (4X1) - | E9: Brinsa Dominicana | F9: =+ROUNDDOWN(H9*0.8,0) -> 2 | G9: =+(TblDetalle[[#This Row],[MontoBrutoProm_Mes]]/TblDetalle[[#This Row],[UnidadesProm_Mes]])*TblDetalle[[#This Row],[Unidades]] -> 245.45318 | H9: 2.67 | I9: 327.68 | J9: =+TblDetalle[[#This Row],[Monto A Rebajhar]]/TblDetalle[[#This Row],[MontoBrutoProm_Mes]] -> 0.74906367
A10: 7 | B10: Antonio Delgado | C10: 621045 | D10: Baygon Aerosol Verde 285 ML. 12/1 - 323742 | E10: Comercial Fila | F10: =+ROUNDDOWN(H10*0.8,0) -> 3 | G10: =+(TblDetalle[[#This Row],[MontoBrutoProm_Mes]]/TblDetalle[[#This Row],[UnidadesProm_Mes]])*TblDetalle[[#This Row],[Unidades]] -> 509.37 | H10: 4 | I10: 679.16 | J10: =+TblDetalle[[#This Row],[Monto A Rebajhar]]/TblDetalle[[#This Row],[MontoBrutoProm_Mes]] -> 0.75
A11: 7 | B11: Antonio Delgado | C11: 800088 | D11: NOSOTRAS INVISIBLES (8x60) - 120311 | E11: Continental de Negocios | F11: =+ROUNDDOWN(H11*0.8,0) -> 3 | G11: =+(TblDetalle[[#This Row],[MontoBrutoProm_Mes]]/TblDetalle[[#This Row],[UnidadesProm_Mes]])*TblDetalle[[#This Row],[Unidades]] -> 1110.1725 | H11: 4 | I11: 1480.23 | J11: =+TblDetalle[[#This Row],[Monto A Rebajhar]]/TblDetalle[[#This Row],[MontoBrutoProm_Mes]] -> 0.75
A12: 7 | B12: Antonio Delgado | C12: 800089 | D12: NOSOTRAS PLUS (8 X 60) - 120310 | E12: Continental de Negocios | F12: =+ROUNDDOWN(H12*0.8,0) -> 2 | G12: =+(TblDetalle[[#This Row],[MontoBrutoProm_Mes]]/TblDetalle[[#This Row],[UnidadesProm_Mes]])*TblDetalle[[#This Row],[Unidades]] -> 727.91011 | H12: 2.67 | I12: 971.76 | J12: =+TblDetalle[[#This Row],[Monto A Rebajhar]]/TblDetalle[[#This Row],[MontoBrutoProm_Mes]] -> 0.74906367
A13: 7 | B13: Antonio Delgado | C13: 800792 | D13: BBB CHERRY JUMBO (25BS/48/20g) - 35491 | E13: COLOMBINA | F13: =+ROUNDDOWN(H13*0.8,0) -> 7 | G13: =+(TblDetalle[[#This Row],[MontoBrutoProm_Mes]]/TblDetalle[[#This Row],[UnidadesProm_Mes]])*TblDetalle[[#This Row],[Unidades]] -> 1079.0352 | H13: 9.67 | I13: 1490.61 | J13: =+TblDetalle[[#This Row],[Monto A Rebajhar]]/TblDetalle[[#This Row],[MontoBrutoProm_Mes]] -> 0.72388831
... A926: 199 | B926: Giancarlo Tavarez | C926: 982003 | D926: BOTELLITAS AGUA CRYSTAL 1.5 L (1/12) - 904554 | E926: Agua Crystal | F926: =+ROUNDDOWN(H926*0.8,0) -> 1 | G926: =+(TblDetalle[[#This Row],[MontoBrutoProm_Mes]]/TblDetalle[[#This Row],[UnidadesProm_Mes]])*TblDetalle[[#This Row],[Unidades]] -> 259.47904 | H926: 1.67 | I926: 433.33 | J926: =+TblDetalle[[#This Row],[Monto A Rebajhar]]/TblDetalle[[#This Row],[MontoBrutoProm_Mes]] -> 0.5988024

Sheet Por Vendedor
A1: RepCodigo | B1: Vendedor | C1: NumProductos | D1: UnidadesProm_Mes | E1: MontoBrutoProm_Mes
A2: 3 | B2: Enmanuel Bido (Argelis) | C2: 2 | D2: 6.67 | E2: 753.54
A3: 6 | B3: Humberto Herrera -ESP | C3: 10 | D3: 13.99 | E3: 1711.5
A4: 7 | B4: Antonio Delgado | C4: 14 | D4: 127.34 | E4: 15260.28
A5: 8 | B5: Maria del Carmen | C5: 36 | D5: 485.97 | E5: 47612.81
A6: 11 | B6: Yeuri Montaño | C6: 36 | D6: 984.99 | E6: 111088.8
A7: 14 | B7: Bernabet Reyes | C7: 31 | D7: 593.99 | E7: 36315.97
A8: 18 | B8: Irvin de los Santos | C8: 30 | D8: 509 | E8: 80595.69
A9: 43 | B9: Melvin Mariñez | C9: 46 | D9: 858.64 | E9: 88720.19
A10: 50 | B10: Katherine moronta | C10: 14 | D10: 269 | E10: 61965.02
A11: 56 | B11: Daniel Gutierrez | C11: 48 | D11: 624.97 | E11: 58919.42
A12: 59 | B12: WILSON M. QUEZADA | C12: 4 | D12: 45.33 | E12: 10170.36
A13: 60 | B13: Martina Ramirez | C13: 36 | D13: 818.66 | E13: 57392.88
... A32: 199 | B32: Giancarlo Tavarez | C32: 68 | D32: 1184.98 | E32: 165014.41

Sheet Por Suplidor
A1: Suplidor | B1: NumProductos | C1: UnidadesProm_Mes | D1: MontoBrutoProm_Mes
A2: Continental de Negocios | B2: 27 | C2: 8468.3 | D2: 827344.16
A3: Brinsa Dominicana | B3: 8 | C3: 2958.66 | D3: 439938.05
A4: COLOMBINA | B4: 41 | C4: 1180.92 | D4: 95970.79
A5: Comercial Fila | B5: 11 | C5: 413.66 | D5: 67328.11
A6: DIMAR DOMINICANA | B6: 18 | C6: 1162.65 | D6: 65942.41
A7: Agua Crystal | B7: 2 | C7: 336 | D7: 54387.09
A8: Grupo Rodriguez Fernandez | B8: 9 | C8: 256 | D8: 7413.84
A9: Corporacion Poiroto SRL | B9: 2 | C9: 23 | D9: 4601.75
A10: AMPOULE | B10: 3 | C10: 35 | D10: 4061.3
A11: MOLINOS MODERNOS, SA | B11: 8 | C11: 11.66 | D11: 1474.32
A12: P.Q.P. | B12: 2 | C12: 36 | D12: 1083.96
A13: GALISA GROUP | B13: 2 | C13: 4 | D13: 463.12
... A15: ETERNA | B15: 2 | C15: 16.33 | D15: 280.63

Sheet Presupuesto 185
A1: ProID | B1: ProDescripcion | C1: Suplidor | D1: VendedoresOrigen | E1: UnidadesProm_Mes | F1: Nueva Cantidad | G1: Columna2 | H1: Columna3 | I1: Columna4 | J1: precio | K1: Columna1 | L1: MontoBrutoProm_Mes
A2: 201001 | B2: REFISAL FUNDAS REFINADA 25 UNIDS - 100102008 | C2: Brinsa Dominicana | D2: 25 | E2: 1686.66 | F2: =+ROUNDUP(TblPresupuesto185[[#This Row],[UnidadesProm_Mes]]*1.5,0) -> 2530 | G2: 0 | H2: MdSoft | I2: 0 | J2: =+TblPresupuesto185[[#This Row],[MontoBrutoProm_Mes]]/TblPresupuesto185[[#This Row],[UnidadesProm_Mes]] -> 224.12001 | K2: =+TblPresupuesto185[[#This Row],[precio]]*TblPresupuesto185[[#This Row],[Nueva Cantidad]] -> 567023.62 | L2: 378014.25 | O2: Insert into PresupuestosHistoricos Values ( | P2: '185','UNDDPROD','2026','08', | Q2: =+CONCATENATE("'",A2,"'",",") -> '201001', | R2: =+CONCATENATE("'",F2,"'",",") -> '2530', | S2: =+CONCATENATE("'",G2,"'",",") -> '0', | T2: =+CONCATENATE("'",H2,"'",",") -> 'MdSoft', | U2: Getdate(), NewID(), Null, Null)
A3: 101038 | B3: NOSOTRAS BUENAS NOCHES TELA 10 X ( 40 U ) - 200679 | C3: Continental de Negocios | D3: 26 | E3: 594.99 | F3: =+ROUNDUP(TblPresupuesto185[[#This Row],[UnidadesProm_Mes]]*1.5,0) -> 893 | G3: 0 | H3: MdSoft | J3: =+TblPresupuesto185[[#This Row],[MontoBrutoProm_Mes]]/TblPresupuesto185[[#This Row],[UnidadesProm_Mes]] -> 368.02022 | K3: =+TblPresupuesto185[[#This Row],[precio]]*TblPresupuesto185[[#This Row],[Nueva Cantidad]] -> 328642.06 | L3: 218968.35 | O3: Insert into PresupuestosHistoricos Values ( | P3: '185','UNDDPROD','2026','08', | Q3: =+CONCATENATE("'",A3,"'",",") -> '101038', | R3: =+CONCATENATE("'",F3,"'",",") -> '893', | S3: =+CONCATENATE("'",G3,"'",",") -> '0', | T3: =+CONCATENATE("'",H3,"'",",") -> 'MdSoft', | U3: Getdate(), NewID(), Null, Null)
A4: 101028 | B4: NOSOTRAS BUENAS NOCHE NATURAL 18 X (10 U ) - 200678 | C4: Continental de Negocios | D4: 29 | E4: 1331.31 | F4: =+ROUNDUP(TblPresupuesto185[[#This Row],[UnidadesProm_Mes]]*1.5,0) -> 1997 | G4: 0 | H4: MdSoft | J4: =+TblPresupuesto185[[#This Row],[MontoBrutoProm_Mes]]/TblPresupuesto185[[#This Row],[UnidadesProm_Mes]] -> 98.87634 | K4: =+TblPresupuesto185[[#This Row],[precio]]*TblPresupuesto185[[#This Row],[Nueva Cantidad]] -> 197456.05 | L4: 131635.06 | O4: Insert into PresupuestosHistoricos Values ( | P4: '185','UNDDPROD','2026','08', | Q4: =+CONCATENATE("'",A4,"'",",") -> '101028', | R4: =+CONCATENATE("'",F4,"'",",") -> '1997', | S4: =+CONCATENATE("'",G4,"'",",") -> '0', | T4: =+CONCATENATE("'",H4,"'",",") -> 'MdSoft', | U4: Getdate(), NewID(), Null, Null)
A5: 800089 | B5: NOSOTRAS PLUS (8 X 60) - 120310 | C5: Continental de Negocios | D5: 24 | E5: 299.69 | F5: =+ROUNDUP(TblPresupuesto185[[#This Row],[UnidadesProm_Mes]]*1.5,0) -> 450 | G5: 0 | H5: MdSoft | J5: =+TblPresupuesto185[[#This Row],[MontoBrutoProm_Mes]]/TblPresupuesto185[[#This Row],[UnidadesProm_Mes]] -> 366.75408 | K5: =+TblPresupuesto185[[#This Row],[precio]]*TblPresupuesto185[[#This Row],[Nueva Cantidad]] -> 165039.34 | L5: 109912.53 | O5: Insert into PresupuestosHistoricos Values ( | P5: '185','UNDDPROD','2026','08', | Q5: =+CONCATENATE("'",A5,"'",",") -> '800089', | R5: =+CONCATENATE("'",F5,"'",",") -> '450', | S5: =+CONCATENATE("'",G5,"'",",") -> '0', | T5: =+CONCATENATE("'",H5,"'",",") -> 'MdSoft', | U5: Getdate(), NewID(), Null, Null)
A6: 800088 | B6: NOSOTRAS INVISIBLES (8x60) - 120311 | C6: Continental de Negocios | D6: 22 | E6: 271 | F6: =+ROUNDUP(TblPresupuesto185[[#This Row],[UnidadesProm_Mes]]*1.5,0) -> 407 | G6: 0 | H6: MdSoft | J6: =+TblPresupuesto185[[#This Row],[MontoBrutoProm_Mes]]/TblPresupuesto185[[#This Row],[UnidadesProm_Mes]] -> 366.80262 | K6: =+TblPresupuesto185[[#This Row],[precio]]*TblPresupuesto185[[#This Row],[Nueva Cantidad]] -> 149288.67 | L6: 99403.51 | O6: Insert into PresupuestosHistoricos Values ( | P6: '185','UNDDPROD','2026','08', | Q6: =+CONCATENATE("'",A6,"'",",") -> '800088', | R6: =+CONCATENATE("'",F6,"'",",") -> '407', | S6: =+CONCATENATE("'",G6,"'",",") -> '0', | T6: =+CONCATENATE("'",H6,"'",",") -> 'MdSoft', | U6: Getdate(), NewID(), Null, Null)
A7: 101005 | B7: NOS. PLUS TELA AJ SEG 30 X 10 - 120308 | C7: Continental de Negocios | D7: 24 | E7: 1013.99 | F7: =+ROUNDUP(TblPresupuesto185[[#This Row],[UnidadesProm_Mes]]*1.5,0) -> 1521 | G7: 0 | H7: MdSoft | J7: =+TblPresupuesto185[[#This Row],[MontoBrutoProm_Mes]]/TblPresupuesto185[[#This Row],[UnidadesProm_Mes]] -> 76.067673 | K7: =+TblPresupuesto185[[#This Row],[precio]]*TblPresupuesto185[[#This Row],[Nueva Cantidad]] -> 115698.93 | L7: 77131.86 | O7: Insert into PresupuestosHistoricos Values ( | P7: '185','UNDDPROD','2026','08', | Q7: =+CONCATENATE("'",A7,"'",",") -> '101005', | R7: =+CONCATENATE("'",F7,"'",",") -> '1521', | S7: =+CONCATENATE("'",G7,"'",",") -> '0', | T7: =+CONCATENATE("'",H7,"'",",") -> 'MdSoft', | U7: Getdate(), NewID(), Null, Null)
A8: 101027 | B8: NOSOTRAS INVISIBLES 24X10 - 120152 | C8: Continental de Negocios | D8: 23 | E8: 869.99 | F8: =+ROUNDUP(TblPresupuesto185[[#This Row],[UnidadesProm_Mes]]*1.5,0) -> 1305 | G8: 0 | H8: MdSoft | J8: =+TblPresupuesto185[[#This Row],[MontoBrutoProm_Mes]]/TblPresupuesto185[[#This Row],[UnidadesProm_Mes]] -> 76.037817 | K8: =+TblPresupuesto185[[#This Row],[precio]]*TblPresupuesto185[[#This Row],[Nueva Cantidad]] -> 99229.351 | L8: 66152.14 | O8: Insert into PresupuestosHistoricos Values ( | P8: '185','UNDDPROD','2026','08', | Q8: =+CONCATENATE("'",A8,"'",",") -> '101027', | R8: =+CONCATENATE("'",F8,"'",",") -> '1305', | S8: =+CONCATENATE("'",G8,"'",",") -> '0', | T8: =+CONCATENATE("'",H8,"'",",") -> 'MdSoft', | U8: Getdate(), NewID(), Null, Null)
A9: 982005 | B9: BOTELLITA AGUA CRYSTAL 0.5 L (1/20) - | C9: Agua Crystal | D9: 10 | E9: 310.34 | F9: =+ROUNDUP(TblPresupuesto185[[#This Row],[UnidadesProm_Mes]]*1.5,0) -> 466 | G9: 0 | H9: MdSoft | J9: =+TblPresupuesto185[[#This Row],[MontoBrutoProm_Mes]]/TblPresupuesto185[[#This Row],[UnidadesProm_Mes]] -> 153.7467 | K9: =+TblPresupuesto185[[#This Row],[precio]]*TblPresupuesto185[[#This Row],[Nueva Cantidad]] -> 71645.961 | L9: 47713.75 | O9: Insert into PresupuestosHistoricos Values ( | P9: '185','UNDDPROD','2026','08', | Q9: =+CONCATENATE("'",A9,"'",",") -> '982005', | R9: =+CONCATENATE("'",F9,"'",",") -> '466', | S9: =+CONCATENATE("'",G9,"'",",") -> '0', | T9: =+CONCATENATE("'",H9,"'",",") -> 'MdSoft', | U9: Getdate(), NewID(), Null, Null)
A10: 621045 | B10: Baygon Aerosol Verde 285 ML. 12/1 - 323742 | C10: Comercial Fila | D10: 18 | E10: 257.33 | F10: =+ROUNDUP(TblPresupuesto185[[#This Row],[UnidadesProm_Mes]]*1.5,0) -> 386 | G10: 0 | H10: MdSoft | J10: =+TblPresupuesto185[[#This Row],[MontoBrutoProm_Mes]]/TblPresupuesto185[[#This Row],[UnidadesProm_Mes]] -> 166.37994 | K10: =+TblPresupuesto185[[#This Row],[precio]]*TblPresupuesto185[[#This Row],[Nueva Cantidad]] -> 64222.657 | L10: 42814.55 | O10: Insert into PresupuestosHistoricos Values ( | P10: '185','UNDDPROD','2026','08', | Q10: =+CONCATENATE("'",A10,"'",",") -> '621045', | R10: =+CONCATENATE("'",F10,"'",",") -> '386', | S10: =+CONCATENATE("'",G10,"'",",") -> '0', | T10: =+CONCATENATE("'",H10,"'",",") -> 'MdSoft', | U10: Getdate(), NewID(), Null, Null)
A11: 103001 | B11: PAPEL HIGIENICO FAMILIA AROMA 48X1 - 201873 | C11: Continental de Negocios | D11: 18 | E11: 1947.67 | F11: =+ROUNDUP(TblPresupuesto185[[#This Row],[UnidadesProm_Mes]]*1.5,0) -> 2922 | G11: 0 | H11: MdSoft | J11: =+TblPresupuesto185[[#This Row],[MontoBrutoProm_Mes]]/TblPresupuesto185[[#This Row],[UnidadesProm_Mes]] -> 21.838843 | K11: =+TblPresupuesto185[[#This Row],[precio]]*TblPresupuesto185[[#This Row],[Nueva Cantidad]] -> 63813.1 | L11: 42534.86 | O11: Insert into PresupuestosHistoricos Values ( | P11: '185','UNDDPROD','2026','08', | Q11: =+CONCATENATE("'",A11,"'",",") -> '103001', | R11: =+CONCATENATE("'",F11,"'",",") -> '2922', | S11: =+CONCATENATE("'",G11,"'",",") -> '0', | T11: =+CONCATENATE("'",H11,"'",",") -> 'MdSoft', | U11: Getdate(), NewID(), Null, Null)
A12: 101026 | B12: NOSOTRAS DIARIOS 36 X 15 - 202426 | C12: Continental de Negocios | D12: 22 | E12: 955.66 | F12: =+ROUNDUP(TblPresupuesto185[[#This Row],[UnidadesProm_Mes]]*1.5,0) -> 1434 | G12: 0 | H12: MdSoft | J12: =+TblPresupuesto185[[#This Row],[MontoBrutoProm_Mes]]/TblPresupuesto185[[#This Row],[UnidadesProm_Mes]] -> 34.33131 | K12: =+TblPresupuesto185[[#This Row],[precio]]*TblPresupuesto185[[#This Row],[Nueva Cantidad]] -> 49231.099 | L12: 32809.06 | O12: Insert into PresupuestosHistoricos Values ( | P12: '185','UNDDPROD','2026','08', | Q12: =+CONCATENATE("'",A12,"'",",") -> '101026', | R12: =+CONCATENATE("'",F12,"'",",") -> '1434', | S12: =+CONCATENATE("'",G12,"'",",") -> '0', | T12: =+CONCATENATE("'",H12,"'",",") -> 'MdSoft', | U12: Getdate(), NewID(), Null, Null)
A13: 501000 | B13: BLANCOX PODER NAT. SACHET 150 ML x 124 unid Display 30 SOBRES (4X1) - | C13: Brinsa Dominicana | D13: 17 | E13: 229.32 | F13: =+ROUNDUP(TblPresupuesto185[[#This Row],[UnidadesProm_Mes]]*1.5,0) -> 344 | G13: 0 | H13: MdSoft | J13: =+TblPresupuesto185[[#This Row],[MontoBrutoProm_Mes]]/TblPresupuesto185[[#This Row],[UnidadesProm_Mes]] -> 115.0846 | K13: =+TblPresupuesto185[[#This Row],[precio]]*TblPresupuesto185[[#This Row],[Nueva Cantidad]] -> 39589.102 | L13: 26391.2 | O13: Insert into PresupuestosHistoricos Values ( | P13: '185','UNDDPROD','2026','08', | Q13: =+CONCATENATE("'",A13,"'",",") -> '501000', | R13: =+CONCATENATE("'",F13,"'",",") -> '344', | S13: =+CONCATENATE("'",G13,"'",",") -> '0', | T13: =+CONCATENATE("'",H13,"'",",") -> 'MdSoft', | U13: Getdate(), NewID(), Null, Null)
A14: 800792 | B14: BBB CHERRY JUMBO (25BS/48/20g) - 35491 | C14: COLOMBINA | D14: 16 | E14: 139.67 | F14: =+ROUNDUP(TblPresupuesto185[[#This Row],[UnidadesProm_Mes]]*1.5,0) -> 210 | G14: 0 | H14: MdSoft | J14: =+TblPresupuesto185[[#This Row],[MontoBrutoProm_Mes]]/TblPresupuesto185[[#This Row],[UnidadesProm_Mes]] -> 156.01346 | K14: =+TblPresupuesto185[[#This Row],[precio]]*TblPresupuesto185[[#This Row],[Nueva Cantidad]] -> 32762.827 | L14: 21790.4 | O14: Insert into PresupuestosHistoricos Values ( | P14: '185','UNDDPROD','2026','08', | Q14: =+CONCATENATE("'",A14,"'",",") -> '800792', | R14: =+CONCATENATE("'",F14,"'",",") -> '210', | S14: =+CONCATENATE("'",G14,"'",",") -> '0', | T14: =+CONCATENATE("'",H14,"'",",") -> 'MdSoft', | U14: Getdate(), NewID(), Null, Null)
... A138: 101136 | B138: Oferta Nosotras Plus 8X30 - 120309 | C138: Continental de Negocios | D138: 1 | E138: 0.33 | F138: =+ROUNDUP(TblPresupuesto185[[#This Row],[UnidadesProm_Mes]]*1.5,0) -> 1 | G138: 0 | H138: MdSoft | J138: =+TblPresupuesto185[[#This Row],[MontoBrutoProm_Mes]]/TblPresupuesto185[[#This Row],[UnidadesProm_Mes]] -> 0 | K138: =+TblPresupuesto185[[#This Row],[precio]]*TblPresupuesto185[[#This Row],[Nueva Cantidad]] -> 0 | L138: 0 | O138: Insert into PresupuestosHistoricos Values ( | P138: '185','UNDDPROD','2026','08', | Q138: =+CONCATENATE("'",A138,"'",",") -> '101136', | R138: =+CONCATENATE("'",F138,"'",",") -> '1', | S138: =+CONCATENATE("'",G138,"'",",") -> '0', | T138: =+CONCATENATE("'",H138,"'",",") -> 'MdSoft', | U138: Getdate(), NewID(), Null, Null)

Sheet Impacto Presupuesto
A1: RepCodigo | B1: RepNombre | C1: ProID | D1: ProDescripcion | E1: Suplidor | F1: UnidadesProm_Mes | G1: PresupuestoActual_Ago2026 | H1: TienePresupuestoPrevio | I1: PresupuestoNuevo | J1: Estatus
A2: 3 | B2: Enmanuel Bido (Argelis) | C2: 101028 | D2: NOSOTRAS BUENAS NOCHE NATURAL 18 X (10 U ) - 200678 | E2: Continental de Negocios | F2: 6 | G2: 0 | H2: No | I2: =MAX(0,G2-F2) -> 0 | J2: =IF(H2="No","Sin fila previa",IF(G2<F2,"Queda en 0","OK")) -> Sin fila previa
A3: 3 | B3: Enmanuel Bido (Argelis) | C3: 201001 | D3: REFISAL FUNDAS REFINADA 25 UNIDS - 100102008 | E3: Brinsa Dominicana | F3: 0.67 | G3: 0 | H3: No | I3: =MAX(0,G3-F3) -> 0 | J3: =IF(H3="No","Sin fila previa",IF(G3<F3,"Queda en 0","OK")) -> Sin fila previa
A4: 6 | B4: Humberto Herrera -ESP | C4: 220004 | D4: Pañales DOKIDS Jumbo Talla XL 6x28 Uds. Etapa 5 - 110204 | E4: DIMAR DOMINICANA | F4: 0.33 | G4: 0.46 | H4: Si | I4: =MAX(0,G4-F4) -> 0.13 | J4: =IF(H4="No","Sin fila previa",IF(G4<F4,"Queda en 0","OK")) -> OK
A5: 6 | B5: Humberto Herrera -ESP | C5: 925078 | D5: ATUN DIMAR AGUA TROZOS 48/142GR - | E5: DIMAR DOMINICANA | F5: 2 | G5: 72.21 | H5: Si | I5: =MAX(0,G5-F5) -> 70.21 | J5: =IF(H5="No","Sin fila previa",IF(G5<F5,"Queda en 0","OK")) -> OK
A6: 6 | B6: Humberto Herrera -ESP | C6: 983000 | D6: ALIMENTO PERRO RUFO ADULTO 44LB - 23000298 | E6: MOLINOS MODERNOS, SA | F6: 0.33 | G6: 1.18 | H6: Si | I6: =MAX(0,G6-F6) -> 0.85 | J6: =IF(H6="No","Sin fila previa",IF(G6<F6,"Queda en 0","OK")) -> OK
A7: 6 | B7: Humberto Herrera -ESP | C7: 983014 | D7: PASTA LARGA MILANO ESPAGUETI 1X10LB - 35000920 | E7: MOLINOS MODERNOS, SA | F7: 0.67 | G7: 314.57 | H7: Si | I7: =MAX(0,G7-F7) -> 313.9 | J7: =IF(H7="No","Sin fila previa",IF(G7<F7,"Queda en 0","OK")) -> OK
A8: 6 | B8: Humberto Herrera -ESP | C8: 983028 | D8: PASTA ESP MILANO MACARRONES QUESO 24X206 - 35000942 | E8: MOLINOS MODERNOS, SA | F8: 6 | G8: 1372.45 | H8: Si | I8: =MAX(0,G8-F8) -> 1366.45 | J8: =IF(H8="No","Sin fila previa",IF(G8<F8,"Queda en 0","OK")) -> OK
A9: 6 | B9: Humberto Herrera -ESP | C9: 983031 | D9: PASTA CORTA RICOS CODITOS 1X10LB - 35000957 | E9: MOLINOS MODERNOS, SA | F9: 0.33 | G9: 34.16 | H9: Si | I9: =MAX(0,G9-F9) -> 33.83 | J9: =IF(H9="No","Sin fila previa",IF(G9<F9,"Queda en 0","OK")) -> OK
A10: 6 | B10: Humberto Herrera -ESP | C10: 983041 | D10: GALL RELL DINO DUPLEX 18X12X48GR - 36001053 | E10: MOLINOS MODERNOS, SA | F10: 0.33 | G10: 35 | H10: Si | I10: =MAX(0,G10-F10) -> 34.67 | J10: =IF(H10="No","Sin fila previa",IF(G10<F10,"Queda en 0","OK")) -> OK
A11: 6 | B11: Humberto Herrera -ESP | C11: 983043 | D11: GALL CKR SAL GUARINA SALADA 18X12X24GR - 36001072 | E11: MOLINOS MODERNOS, SA | F11: 2 | G11: 2243.77 | H11: Si | I11: =MAX(0,G11-F11) -> 2241.77 | J11: =IF(H11="No","Sin fila previa",IF(G11<F11,"Queda en 0","OK")) -> OK
A12: 6 | B12: Humberto Herrera -ESP | C12: 983045 | D12: GALL CKR SAL MAX QUESO CHEESE 22X12X30 - 36002386 | E12: MOLINOS MODERNOS, SA | F12: 1.67 | G12: 398.84 | H12: Si | I12: =MAX(0,G12-F12) -> 397.17 | J12: =IF(H12="No","Sin fila previa",IF(G12<F12,"Queda en 0","OK")) -> OK
A13: 6 | B13: Humberto Herrera -ESP | C13: 983055 | D13: GALL WAFER GUARINA LIMÓN 21X10X26G - 36002077 | E13: MOLINOS MODERNOS, SA | F13: 0.33 | G13: 245.01 | H13: Si | I13: =MAX(0,G13-F13) -> 244.68 | J13: =IF(H13="No","Sin fila previa",IF(G13<F13,"Queda en 0","OK")) -> OK
... A938: 199 | B938: Giancarlo Tavarez | C938: 982003 | D938: BOTELLITAS AGUA CRYSTAL 1.5 L (1/12) - 904554 | E938: Agua Crystal | F938: 1.67 | G938: 28.24 | H938: Si | I938: =MAX(0,G938-F938) -> 26.57 | J938: =IF(H938="No","Sin fila previa",IF(G938<F938,"Queda en 0","OK")) -> OK
